Metodo,Dist,RT,Escenc,Mapa,ED,FO,G,E,U,T,TO
CPLEX,CLOUD,HARD,SI,100,20,9.63,4,97,0.0202,0.08,
CPLEX,CLOUD,HARD,SI,100,20,9.63,4,97,0.0202,0.08,
CPLEX,CLOUD,HARD,SI,100,20,11.64,6,101,0.0151,0.05,
CPLEX,CLOUD,HARD,SI,100,20,10.04,5,87,0.0176,0.05,
CPLEX,CLOUD,HARD,SI,100,20,10.04,5,87,0.0176,0.05,
CPLEX,CLOUD,HARD,NO,100,20,3.18,1,24,0.0251,1.42,
CPLEX,CLOUD,HARD,NO,100,20,3.18,1,24,0.0252,1.47,
CPLEX,CLOUD,HARD,NO,100,20,3.22,1,24,0.0263,1.44,
CPLEX,CLOUD,HARD,NO,100,20,3.22,1,24,0.0263,1.3,
CPLEX,CLOUD,HARD,NO,100,20,3.54,1,25,0.0332,1.14,
HEURISTICA,CLOUD,HARD,SI,100,20,11.02,4,109,0.0404,0.001,
HEURISTICA,CLOUD,HARD,SI,100,20,10.92,4,107,0.0404,0.001,
HEURISTICA,CLOUD,HARD,SI,100,20,12.44,6,113,0.0202,0.001,
HEURISTICA,CLOUD,HARD,SI,100,20,10.34,5,91,0.0202,0.001,
HEURISTICA,CLOUD,HARD,SI,100,20,10.54,5,95,0.0202,0.001,
HEURISTICA,CLOUD,HARD,NO,100,20,3.34,1,24,0.0294,0.003,
HEURISTICA,CLOUD,HARD,NO,100,20,3.35,1,27,0.0257,0.003,
HEURISTICA,CLOUD,HARD,NO,100,20,3.23,1,24,0.0263,0.003,
HEURISTICA,CLOUD,HARD,NO,100,20,3.44,1,21,0.0357,0.003,
HEURISTICA,CLOUD,HARD,NO,100,20,3.88,1,20,0.0482,0.003,
CPLEX,CLOUD,HARD,SI,100,50,15.34,11,178,0.0504,0.2,
CPLEX,CLOUD,HARD,SI,100,50,14.73,11,170,0.0214,0.29,
CPLEX,CLOUD,HARD,SI,100,50,13.69,10,161,0.0302,0.24,
CPLEX,CLOUD,HARD,SI,100,50,16.07,13,141,0.0163,0.28,
CPLEX,CLOUD,HARD,SI,100,50,12.49,8,207,0.0227,0.21,
CPLEX,CLOUD,HARD,NO,100,50,3.18,1,60,0.0626,6.47,
CPLEX,CLOUD,HARD,NO,100,50,2.97,1,58,0.052,10.85,
CPLEX,CLOUD,HARD,NO,100,50,3.22,1,60,0.0658,9.83,
CPLEX,CLOUD,HARD,NO,100,50,3.24,1,60,0.0664,13.35,
CPLEX,CLOUD,HARD,NO,100,50,3.18,1,62,0.0603,7.31,
HEURISTICA,CLOUD,HARD,SI,100,50,17.2,12,213,0.0605,0.004,
HEURISTICA,CLOUD,HARD,SI,100,50,18.05,13,225,0.0353,0.005,
HEURISTICA,CLOUD,HARD,SI,100,50,15.79,11,212,0.0352,0.005,
HEURISTICA,CLOUD,HARD,SI,100,50,18.44,13,225,0.0605,0.004,
HEURISTICA,CLOUD,HARD,SI,100,50,15.31,10,226,0.0504,0.004,
HEURISTICA,CLOUD,HARD,NO,100,50,3.44,1,50,0.0921,0.013,
HEURISTICA,CLOUD,HARD,NO,100,50,3.1,1,64,0.0526,0.013,
HEURISTICA,CLOUD,HARD,NO,100,50,3.43,1,58,0.0814,0.012,
HEURISTICA,CLOUD,HARD,NO,100,50,3.43,1,58,0.0814,0.012,
HEURISTICA,CLOUD,HARD,NO,100,50,3.38,1,50,0.0883,0.013,
CPLEX,CLOUD,HARD,SI,100,100,19.17,16,302,0.0201,0.65,
CPLEX,CLOUD,HARD,SI,100,100,17.94,14,363,0.0404,0.6,
CPLEX,CLOUD,HARD,SI,100,100,18.42,15,303,0.0504,0.55,
CPLEX,CLOUD,HARD,SI,100,100,19.75,16,350,0.0327,0.4,
CPLEX,CLOUD,HARD,SI,100,100,16.04,13,281,0.0302,0.81,
CPLEX,CLOUD,HARD,NO,100,100,3.13,1,119,0.1202,21.79,
CPLEX,CLOUD,HARD,NO,100,100,3.24,1,121,0.1321,55.64,
CPLEX,CLOUD,HARD,NO,100,100,3.15,1,119,0.1233,21.97,
CPLEX,CLOUD,HARD,NO,100,100,3.19,1,120,0.1265,20.5,
CPLEX,CLOUD,HARD,NO,100,100,3.18,1,120,0.1252,58.64,
HEURISTICA,CLOUD,HARD,SI,100,100,24.26,17,624,0.1313,0.007,
HEURISTICA,CLOUD,HARD,SI,100,100,22.12,16,526,0.1109,0.009,
HEURISTICA,CLOUD,HARD,SI,100,100,22.03,17,450,0.0682,0.009,
HEURISTICA,CLOUD,HARD,SI,100,100,23.18,18,467,0.0656,0.007,
HEURISTICA,CLOUD,HARD,SI,100,100,20.58,15,456,0.1311,0.013,
HEURISTICA,CLOUD,HARD,NO,100,100,3.3,1,116,0.1459,0.025,
HEURISTICA,CLOUD,HARD,NO,100,100,3.39,1,126,1447,0.025,
HEURISTICA,CLOUD,HARD,NO,100,100,3.4,1,106,0.1723,0.024,
HEURISTICA,CLOUD,HARD,NO,100,100,3.41,1,109,0.1691,0.024,
HEURISTICA,CLOUD,HARD,NO,100,100,3.33,1,126,0.1372,0.025,
CPLEX,CLOUD,HARD,SI,100,150,19.17,16,444,0.0377,0.98,
CPLEX,CLOUD,HARD,SI,100,150,24.26,21,493,0.0303,0.68,
CPLEX,CLOUD,HARD,SI,100,150,23.14,20,443,0.0328,0.81,
CPLEX,CLOUD,HARD,SI,100,150,20.04,17,426,0.0353,1.09,
CPLEX,CLOUD,HARD,SI,100,150,16.76,13,522,0.0504,0.96,
CPLEX,CLOUD,HARD,NO,100,150,3.22,1,181,0.1941,285.67,
CPLEX,CLOUD,HARD,NO,100,150,3.15,1,179,0.1835,204.75,
CPLEX,CLOUD,HARD,NO,100,150,3.23,1,181,0.195,270.6,
CPLEX,CLOUD,HARD,NO,100,150,3.24,1,181,0.1979,253.2,
CPLEX,CLOUD,HARD,NO,100,150,3.23,1,181,0.195,188.99,
HEURISTICA,CLOUD,HARD,SI,100,150,24.66,18,853,0.1818,0.014,
HEURISTICA,CLOUD,HARD,SI,100,150,26.55,21,746,0.1059,0.013,
HEURISTICA,CLOUD,HARD,SI,100,150,27.07,22,659,0.126,0.014,
HEURISTICA,CLOUD,HARD,SI,100,150,23.58,18,703,0.1665,0.015,
HEURISTICA,CLOUD,HARD,SI,100,150,19.98,14,787,0.1361,0.013,
HEURISTICA,CLOUD,HARD,NO,100,150,3.31,1,192,0.1973,0.041,
HEURISTICA,CLOUD,HARD,NO,100,150,3.38,1,159,0.2524,0.039,
HEURISTICA,CLOUD,HARD,NO,100,150,3.41,1,183,0.2268,0.04,
HEURISTICA,CLOUD,HARD,NO,100,150,3.41,1,181,0.2262,0.04,
HEURISTICA,CLOUD,HARD,NO,100,150,3.42,1,175,0.2406,0.04,
CPLEX,CLOUD,HARD,SI,100,200,20.8,18,524,0.0454,1.67,
CPLEX,CLOUD,HARD,SI,100,200,27.78,25,533,0.0302,1.39,
CPLEX,CLOUD,HARD,SI,100,200,27.63,25,494,0.0403,1.33,
CPLEX,CLOUD,HARD,SI,100,200,25.06,22,582,0.0378,1.44,
CPLEX,CLOUD,HARD,SI,100,200,25.95,23,554,0.0454,0.96,
CPLEX,CLOUD,HARD,NO,100,200,3.24,1,242,0.2649,617.28,
CPLEX,CLOUD,HARD,NO,100,200,3.31,1,244,0.2806,220.83,
CPLEX,CLOUD,HARD,NO,100,200,3.17,1,240,0.2499,332.29,
CPLEX,CLOUD,HARD,NO,100,200,3.2,1,241,0.2553,235.09,
CPLEX,CLOUD,HARD,NO,100,200,3.13,1,238,0.2424,345.34,
HEURISTICA,CLOUD,HARD,SI,100,200,26.54,21,928,0.232,0.023,
HEURISTICA,CLOUD,HARD,SI,100,200,30.31,25,937,0.1613,0.022,
HEURISTICA,CLOUD,HARD,SI,100,200,32.79,28,859,0.1259,0.024,
HEURISTICA,CLOUD,HARD,SI,100,200,31.98,24,1422,0.2222,0.012,
HEURISTICA,CLOUD,HARD,SI,100,200,28.47,23,973,0.1564,0.019,
HEURISTICA,CLOUD,HARD,NO,100,200,3.48,1,217,0.357,0.052,
HEURISTICA,CLOUD,HARD,NO,100,200,3.62,1,201,0.4154,0.048,
HEURISTICA,CLOUD,HARD,NO,100,200,3.41,1,219,0.3364,0.05,
HEURISTICA,CLOUD,HARD,NO,100,200,3.47,1,203,0.3728,0.051,
HEURISTICA,CLOUD,HARD,NO,100,200,3.33,1,236,0.2963,0.052,
CPLEX,CLOUD,HARD,SI,100,500,33.4,31,1146,0.0705,11.1,
CPLEX,CLOUD,HARD,SI,100,500,30.48,28,1184,0.0703,7.82,
CPLEX,CLOUD,HARD,SI,100,500,32.86,30,1375,0.0732,6.23,
CPLEX,CLOUD,HARD,SI,100,500,33.64,31,1275,0.0604,8.59,
CPLEX,CLOUD,HARD,SI,100,500,28.43,26,1170,0.0604,18.08,
HEURISTICA,CLOUD,HARD,SI,100,500,40.12,35,2242,0.4084,0.113,
HEURISTICA,CLOUD,HARD,SI,100,500,36.46,31,2229,0.6404,0.104,
HEURISTICA,CLOUD,HARD,SI,100,500,36.15,31,2304,0.3481,0.09,
HEURISTICA,CLOUD,HARD,SI,100,500,41.66,35,3064,0.3434,0.077,
HEURISTICA,CLOUD,HARD,SI,100,500,33.9,28,2335,0.7864,0.113,
HEURISTICA,CLOUD,HARD,NO,100,500,3.46,1,554,0.87,0.193,
HEURISTICA,CLOUD,HARD,NO,100,500,3.33,1,646,0.6704,0.194,
HEURISTICA,CLOUD,HARD,NO,100,500,3.39,1,618,0.7424,0.195,
HEURISTICA,CLOUD,HARD,NO,100,500,3.48,1,547,0.8865,0.191,
HEURISTICA,CLOUD,HARD,NO,100,500,3.28,1,654,0.6221,0.192,
CPLEX,UNIFORME,HARD,SI,100,20,14.93,8,123,0.0202,0.004,
CPLEX,UNIFORME,HARD,SI,100,20,16.33,8,143,0.0302,0.004,
CPLEX,UNIFORME,HARD,SI,100,20,16.33,8,143,0.0302,0.004,
CPLEX,UNIFORME,HARD,SI,100,20,14.69,7,138,0.0202,0.004,
CPLEX,UNIFORME,HARD,SI,100,20,14.69,7,138,0.0202,0.004,
CPLEX,UNIFORME,HARD,NO,100,20,3.2,1,24,0.0257,2.39,
CPLEX,UNIFORME,HARD,NO,100,20,3.2,1,24,0.0257,2.53,
CPLEX,UNIFORME,HARD,NO,100,20,3.18,1,24,0.025,1.96,
CPLEX,UNIFORME,HARD,NO,100,20,3.15,1,24,0.0244,2.35,
CPLEX,UNIFORME,HARD,NO,100,20,3.25,1,24,0.0269,1.77,
HEURISTICA,UNIFORME,HARD,SI,100,20,17.94,11,123,0.0201,0.001,
HEURISTICA,UNIFORME,HARD,SI,100,20,17.58,8,168,0.0302,0.0001,
HEURISTICA,UNIFORME,HARD,SI,100,20,17.78,8,172,0.0302,0.0001,
HEURISTICA,UNIFORME,HARD,SI,100,20,15.79,7,160,0.0202,0.0001,
HEURISTICA,UNIFORME,HARD,SI,100,20,16.19,7,168,0.0202,0.0001,
HEURISTICA,UNIFORME,HARD,NO,100,20,3.3,1,24,0.0282,0.003,
HEURISTICA,UNIFORME,HARD,NO,100,20,3.27,1,24,0.0288,0.003,
HEURISTICA,UNIFORME,HARD,NO,100,20,3.3,1,25,0.0269,0.003,
HEURISTICA,UNIFORME,HARD,NO,100,20,3.25,1,24,0.0269,0.003,
HEURISTICA,UNIFORME,HARD,NO,100,20,3.33,1,26,0.0269,0.003,
CPLEX,UNIFORME,HARD,SI,100,50,24.19,19,232,0.0353,0.14,
CPLEX,UNIFORME,HARD,SI,100,50,21.05,15,271,0.0404,0.15,
CPLEX,UNIFORME,HARD,SI,100,50,19.67,13,314,0.0252,0.15,
CPLEX,UNIFORME,HARD,SI,100,50,23.25,18,245,0.0227,0.12,
CPLEX,UNIFORME,HARD,SI,100,50,21.47,16,250,0.0302,0.15,
CPLEX,UNIFORME,HARD,NO,100,50,3.14,1,60,0.067,12.67,
CPLEX,UNIFORME,HARD,NO,100,50,3.18,1,60,0.0614,19.16,
CPLEX,UNIFORME,HARD,NO,100,50,3.21,1,61,0.0633,21.37,
CPLEX,UNIFORME,HARD,NO,100,50,3.12,1,60,0.0589,14.89,
CPLEX,UNIFORME,HARD,NO,100,50,3.22,1,61,0.0641,11.83,
HEURISTICA,UNIFORME,HARD,SI,100,50,26.66,21,252,0.0403,0.003,
HEURISTICA,UNIFORME,HARD,SI,100,50,25.44,16,425,0.0606,0.002,
HEURISTICA,UNIFORME,HARD,SI,100,50,22.19,13,420,0.0505,0.002,
HEURISTICA,UNIFORME,HARD,SI,100,50,26.33,19,331,0.0454,0.002,
HEURISTICA,UNIFORME,HARD,SI,100,50,24.86,16,396,0.0606,0.003,
HEURISTICA,UNIFORME,HARD,NO,100,50,3.27,1,62,0.0658,0.012,
HEURISTICA,UNIFORME,HARD,NO,100,50,3.25,1,62,0.0645,0.012,
HEURISTICA,UNIFORME,HARD,NO,100,50,3.3,1,64,0.0614,0.012,
HEURISTICA,UNIFORME,HARD,NO,100,50,3.22,1,64,0.06,0.012,
HEURISTICA,UNIFORME,HARD,NO,100,50,3.25,1,62,0.0645,0.012,
CPLEX,UNIFORME,HARD,SI,100,100,26.97,22,470,0.0353,0.33,
CPLEX,UNIFORME,HARD,SI,100,100,25.82,21,456,0.0327,0.35,
CPLEX,UNIFORME,HARD,SI,100,100,24.32,19,504,0.0353,0.33,
CPLEX,UNIFORME,HARD,SI,100,100,25.8,20,549,0.0404,0.4,
CPLEX,UNIFORME,HARD,SI,100,100,25.32,19,585,0.0605,0.37,
CPLEX,UNIFORME,HARD,NO,100,100,3.31,1,123,0.129,114.52,
CPLEX,UNIFORME,HARD,NO,100,100,3.29,1,124,0.129,51.3,
CPLEX,UNIFORME,HARD,NO,100,100,3.17,1,120,0.1246,25.03,
CPLEX,UNIFORME,HARD,NO,100,100,3.19,1,122,0.1246,33.39,
CPLEX,UNIFORME,HARD,NO,100,100,3.22,1,122,0.1283,43.29,
HEURISTICA,UNIFORME,HARD,SI,100,100,28.7,23,533,0.0479,0.007,
HEURISTICA,UNIFORME,HARD,SI,100,100,29.84,24,525,0.0757,0.007,
HEURISTICA,UNIFORME,HARD,SI,100,100,26.02,20,547,0.0706,0.007,
HEURISTICA,UNIFORME,HARD,SI,100,100,26.7,20,614,0.0705,0.006,
HEURISTICA,UNIFORME,HARD,SI,100,100,26.68,20,601,0.0858,0.006,
HEURISTICA,UNIFORME,HARD,NO,100,100,3.41,1,128,0.1437,0.024,
HEURISTICA,UNIFORME,HARD,NO,100,100,3.39,1,131,0.1385,0.024,
HEURISTICA,UNIFORME,HARD,NO,100,100,3.31,1,130,0.129,0.023,
HEURISTICA,UNIFORME,HARD,NO,100,100,3.25,1,128,0.1247,0.024,
HEURISTICA,UNIFORME,HARD,NO,100,100,3.36,1,136,0.1281,0.024,
CPLEX,UNIFORME,HARD,SI,100,150,27.85,23,697,0.0352,0.74,
CPLEX,UNIFORME,HARD,SI,100,150,29.27,24,759,0.0353,0.59,
CPLEX,UNIFORME,HARD,SI,100,150,27.34,22,766,0.0403,0.55,
CPLEX,UNIFORME,HARD,SI,100,150,32.1,27,734,0.0353,0.56,
CPLEX,UNIFORME,HARD,SI,100,150,26.5,21,781,0.0504,0.65,
CPLEX,UNIFORME,HARD,NO,100,150,3.24,1,183,0.1941,264.65,
CPLEX,UNIFORME,HARD,NO,100,150,3.14,1,180,0.1803,150.74,
CPLEX,UNIFORME,HARD,NO,100,150,3.11,1,185,0.1678,215.14,
CPLEX,UNIFORME,HARD,NO,100,150,3.18,1,182,0.1847,337.93,
CPLEX,UNIFORME,HARD,NO,100,150,3.27,1,184,0.1999,209.74,
HEURISTICA,UNIFORME,HARD,SI,100,150,32.22,26,854,0.0958,0.011,
HEURISTICA,UNIFORME,HARD,SI,100,150,30.52,24,903,0.0908,0.011,
HEURISTICA,UNIFORME,HARD,SI,100,150,30.12,22,1142,0.0909,0.008,
HEURISTICA,UNIFORME,HARD,SI,100,150,37.32,29,1133,0.1414,0.008,
HEURISTICA,UNIFORME,HARD,SI,100,150,30.96,22,1228,0.1414,0.008,
HEURISTICA,UNIFORME,HARD,NO,100,150,3.35,1,202,0.193,0.036,
HEURISTICA,UNIFORME,HARD,NO,100,150,3.26,1,197,0.1809,0.039,
HEURISTICA,UNIFORME,HARD,NO,100,150,3.18,1,190,0.1747,0.038,
HEURISTICA,UNIFORME,HARD,NO,100,150,3.3,1,200,0.1848,0.037,
HEURISTICA,UNIFORME,HARD,NO,100,150,3.38,1,198,0.2036,0.038,
CPLEX,UNIFORME,HARD,SI,100,200,34.57,30,875,0.0504,0.76,
CPLEX,UNIFORME,HARD,SI,100,200,30.27,25,1023,0.0404,0.83,
CPLEX,UNIFORME,HARD,SI,100,200,32.77,28,910,0.0554,0.77,
CPLEX,UNIFORME,HARD,SI,100,200,33.25,28,1003,0.0604,0.67,
CPLEX,UNIFORME,HARD,SI,100,200,32.22,27,978,0.0857,0.86,
CPLEX,UNIFORME,HARD,NO,100,200,3.19,1,242,0.2524,799.98,
CPLEX,UNIFORME,HARD,NO,100,200,3.22,1,244,0.2565,776.73,
CPLEX,UNIFORME,HARD,NO,100,200,3.27,1,245,0.2687,1702.04,
CPLEX,UNIFORME,HARD,NO,100,200,3.26,1,243,0.2674,737.86,
CPLEX,UNIFORME,HARD,NO,100,200,3.24,1,245,0.2612,538.71,
HEURISTICA,UNIFORME,HARD,SI,100,200,38.31,30,1536,0.1616,0.009,
HEURISTICA,UNIFORME,HARD,SI,100,200,35.15,26,1648,0.2323,0.008,
HEURISTICA,UNIFORME,HARD,SI,100,200,34.05,28,1120,0.1161,0.016,
HEURISTICA,UNIFORME,HARD,SI,100,200,36.73,28,1628,0.1515,0.011,
HEURISTICA,UNIFORME,HARD,SI,100,200,36.06,27,1646,0.2121,0.009,
HEURISTICA,UNIFORME,HARD,NO,100,200,3.29,1,253,0.2631,0.052,
HEURISTICA,UNIFORME,HARD,NO,100,200,3.37,1,267,0.2644,0.049,
HEURISTICA,UNIFORME,HARD,NO,100,200,3.41,1,254,0.2926,0.052,
HEURISTICA,UNIFORME,HARD,NO,100,200,3.36,1,254,0.28,0.05,
HEURISTICA,UNIFORME,HARD,NO,100,200,3.36,1,264,0.2663,0.052,
CPLEX,UNIFORME,HARD,SI,100,500,51.91,48,1877,0.1008,4.07,
CPLEX,UNIFORME,HARD,SI,100,500,53.7,50,1801,0.0606,3.23,
CPLEX,UNIFORME,HARD,SI,100,500,46.35,42,2115,0.0756,3.65,
CPLEX,UNIFORME,HARD,SI,100,500,49.03,45,1891,0.1614,4.28,
CPLEX,UNIFORME,HARD,SI,100,500,49.76,46,1821,0.0732,4.69,
HEURISTICA,UNIFORME,HARD,SI,100,500,53.69,48,2685,0.2067,0.071,
HEURISTICA,UNIFORME,HARD,SI,100,500,56.88,49,3688,0.3232,0.046,
HEURISTICA,UNIFORME,HARD,SI,100,500,52.87,45,3645,0.3737,0.033,
HEURISTICA,UNIFORME,HARD,SI,100,500,49.89,44,2726,0.2825,0.073,
HEURISTICA,UNIFORME,HARD,SI,100,500,53.74,48,2664,0.2622,0.063,
HEURISTICA,UNIFORME,HARD,NO,100,500,3.32,1,663,0.6409,0.192,
HEURISTICA,UNIFORME,HARD,NO,100,500,3.33,1,667,0.6368,0.191,
HEURISTICA,UNIFORME,HARD,NO,100,500,3.3,1,660,0.629,0.192,
HEURISTICA,UNIFORME,HARD,NO,100,500,3.28,1,652,0.6271,0.192,
HEURISTICA,UNIFORME,HARD,NO,100,500,3.37,1,663,0.6692,0.191,
CPLEX,CLOUD,HARD,,500,1000,1.4,12,1037,0.1572,5400,TO
CPLEX,CLOUD,HARD,,500,1000,1.41,14,1024,0.1378,5400,TO
CPLEX,CLOUD,HARD,,500,1000,1.43,13,1057,0.1485,5400,TO
CPLEX,CLOUD,HARD,,500,1000,1.4,10,1044,0.2005,5444,TO
CPLEX,CLOUD,HARD,,500,1000,1.43,14,1046,0.1391,5414,TO
HEURISTICA,CLOUD,HARD,,500,1000,1.72,7,1220,0.4667,0.423,
HEURISTICA,CLOUD,HARD,,500,1000,1.68,7,1174,0.4736,0.418,
HEURISTICA,CLOUD,HARD,,500,1000,1.68,8,1215,0.396,0.428,
HEURISTICA,CLOUD,HARD,,500,1000,1.79,8,1192,0.5638,0.437,
HEURISTICA,CLOUD,HARD,,500,1000,1.77,11,1190,0.461,0.449,
HEURISTICA,CLOUD,HARD,,500,2000,0.78,9,2475,0.6453,1.7,
HEURISTICA,CLOUD,HARD,,500,2000,0.8,8,2510,0.8638,1.75,
HEURISTICA,CLOUD,HARD,,500,2000,0.81,9,2369,0.9994,1.69,
HEURISTICA,CLOUD,HARD,,500,2000,0.74,7,2222,0.5939,1.52,
HEURISTICA,CLOUD,HARD,,500,2000,0.74,7,2198,0.9997,1.6,
HEURISTICA,CLOUD,HARD,,500,3000,0.97,8,3294,1,3.85,
HEURISTICA,CLOUD,HARD,,500,3000,1.06,12,3357,0.9247,3.86,
HEURISTICA,CLOUD,HARD,,500,3000,1.12,13,3529,1,2.81,
HEURISTICA,CLOUD,HARD,,500,3000,1.02,8,3547,1,3.82,
HEURISTICA,CLOUD,HARD,,500,3000,1.06,13,3214,0.9996,3.39,
HEURISTICA,CLOUD,HARD,,500,4000,1.29,12,4482,0.9999,7.54,
HEURISTICA,CLOUD,HARD,,500,4000,1.28,13,4307,0.9999,7.44,
HEURISTICA,CLOUD,HARD,,500,4000,1.31,14,4350,1,7.23,
HEURISTICA,CLOUD,HARD,,500,4000,1.53,5,6366,1,5.96,
HEURISTICA,CLOUD,HARD,,500,4000,1.29,14,4266,1,6.53,
HEURISTICA,CLOUD,HARD,,500,5000,1.55,17,5259,0.9999,13.34,
HEURISTICA,CLOUD,HARD,,500,5000,1.48,13,5316,0.9999,12.84,
HEURISTICA,CLOUD,HARD,,500,5000,1.74,10,6919,1,11.46,
HEURISTICA,CLOUD,HARD,,500,5000,1.52,16,5212,0.9998,12.58,
HEURISTICA,CLOUD,HARD,,500,5000,1.58,17,5437,0.9999,12.78,
HEURISTICA,CLOUD,HARD,,500,6000,1.85,17,6775,0.9998,21.57,
HEURISTICA,CLOUD,HARD,,500,6000,1.69,14,6281,1,22.81,
HEURISTICA,CLOUD,HARD,,500,6000,1.82,12,7139,1,17.07,
HEURISTICA,CLOUD,HARD,,500,6000,1.84,15,6909,1,20.67,
HEURISTICA,CLOUD,HARD,,500,6000,1.74,13,6628,0.9996,20.52,
HEURISTICA,CLOUD,HARD,,500,7000,2.04,20,7425,0.9999,31.84,
HEURISTICA,CLOUD,HARD,,500,7000,2.04,18,7598,1,29.9,
HEURISTICA,CLOUD,HARD,,500,7000,2,17,7530,1,34.77,
HEURISTICA,CLOUD,HARD,,500,7000,2.05,19,7575,1,28.35,
HEURISTICA,CLOUD,HARD,,500,7000,2.11,19,7864,0.9997,27.89,
HEURISTICA,CLOUD,HARD,,500,8000,2.27,18,8753,1,46.28,
HEURISTICA,CLOUD,HARD,,500,8000,2.27,20,8581,1,43.05,
HEURISTICA,CLOUD,HARD,,500,8000,2.32,14,9433,1,49.07,
HEURISTICA,CLOUD,HARD,,500,8000,2.3,20,8710,1,44.06,
HEURISTICA,CLOUD,HARD,,500,8000,2.25,19,8556,1,44.63,
HEURISTICA,CLOUD,HARD,,500,9000,2.52,19,9928,1,66.72,
HEURISTICA,CLOUD,HARD,,500,9000,2.68,20,10618,1,62.76,
HEURISTICA,CLOUD,HARD,,500,9000,2.92,11,12728,1,50.03,
HEURISTICA,CLOUD,HARD,,500,9000,2.5,20,9708,1,66.38,
HEURISTICA,CLOUD,HARD,,500,9000,2.9,15,12222,1,44.3,
HEURISTICA,CLOUD,HARD,,500,10000,2.78,24,10725,1,80.74,
HEURISTICA,CLOUD,HARD,,500,10000,2.87,21,11475,1,89.34,
HEURISTICA,CLOUD,HARD,,500,10000,3.22,13,14042,1,70.55,
HEURISTICA,CLOUD,HARD,,500,10000,2.95,18,12158,1,85.26,
HEURISTICA,CLOUD,HARD,,500,10000,2.77,24,10665,1,89,
HEURISTICA,CLOUD,HARD,,500,11000,3.64,15,15900,1,83.81,
HEURISTICA,CLOUD,HARD,,500,11000,3.28,16,14043,1,80.08,
HEURISTICA,CLOUD,HARD,,500,11000,3.2,27,12538,1,106.28,
HEURISTICA,CLOUD,HARD,,500,11000,3.05,26,11888,1,100.73,
HEURISTICA,CLOUD,HARD,,500,11000,2.9,21,11644,1,116.38,
HEURISTICA,CLOUD,HARD,,500,12500,1.95,27,13307,1,151.09,
HEURISTICA,CLOUD,HARD,,500,12500,1.98,27,14239,1,159.71,
HEURISTICA,CLOUD,HARD,,500,12500,1.93,22,14082,1,169.34,
HEURISTICA,CLOUD,HARD,,500,12500,2.13,17,17167,1,126.04,
HEURISTICA,CLOUD,HARD,,500,12500,1.98,26,13849,1,135.08,
HEURISTICA,CLOUD,HARD,,500,14000,2.29,20,18111,1,166.34,
HEURISTICA,CLOUD,HARD,,500,14000,1.19,28,15530,1,195.05,
HEURISTICA,CLOUD,HARD,,500,14000,2.12,26,15275,1,215.93,
HEURISTICA,CLOUD,HARD,,500,14000,2.54,20,20642,1,169.41,
HEURISTICA,CLOUD,HARD,,500,14000,2.47,18,20346,1,188.95,
HEURISTICA,CLOUD,HARD,,500,15500,2.71,19,22549,1,233.7,
HEURISTICA,CLOUD,HARD,,500,15500,2.38,28,17383,1,291.62,
HEURISTICA,CLOUD,HARD,,500,15500,2.53,31,18277,1,256.36,
HEURISTICA,CLOUD,HARD,,500,15500,2.67,20,21948,1,227.6,
HEURISTICA,CLOUD,HARD,,500,15500,2.7,21,22039,1,234.75,
HEURISTICA,CLOUD,HARD,,500,17000,2.69,32,29769,1,325.94,
HEURISTICA,CLOUD,HARD,,500,17000,2.58,31,18794,1,390.52,
HEURISTICA,CLOUD,HARD,,500,17000,2.61,32,18945,1,351.13,
HEURISTICA,CLOUD,HARD,,500,17000,2.99,21,24965,1,350.86,
HEURISTICA,CLOUD,HARD,,500,17000,2.6,28,19654,1,420.31,
HEURISTICA,CLOUD,HARD,,500,18500,2.86,33,21179,1,450.17,
HEURISTICA,CLOUD,HARD,,500,18500,2.9,36,21078,1,462.54,
HEURISTICA,CLOUD,HARD,,500,18500,3.3,24,27453,1,366.15,
HEURISTICA,CLOUD,HARD,,500,18500,2.87,29,22164,1,507.93,
HEURISTICA,CLOUD,HARD,,500,18500,2.82,33,20817,1,490.67,
HEURISTICA,CLOUD,HARD,,500,20000,3.02,37,22025,1,577.4,
HEURISTICA,CLOUD,HARD,,500,20000,3.03,36,22297,1,542.72,
HEURISTICA,CLOUD,HARD,,500,20000,3.28,28,26428,1,476.88,
HEURISTICA,CLOUD,HARD,,500,20000,3.47,25,28963,1,477.99,
HEURISTICA,CLOUD,HARD,,500,20000,3.68,25,31051,1,435.01,
CPLEX,UNIFORME,HARD,,500,1000,1.69,20,1215,0.0984,57.44,
CPLEX,UNIFORME,HARD,,500,1000,1.69,22,1176,0.1009,72.58,
CPLEX,UNIFORME,HARD,,500,1000,1.69,17,1266,0.1068,129.6,
CPLEX,UNIFORME,HARD,,500,1000,1.72,18,1284,0.1046,55.44,
CPLEX,UNIFORME,HARD,,500,1000,1.7,18,1270,0.0879,83.32,
HEURISTICA,UNIFORME,HARD,,500,1000,1.95,18,1364,0.2864,0.515,
HEURISTICA,UNIFORME,HARD,,500,1000,2.05,15,1454,0.3806,0.471,
HEURISTICA,UNIFORME,HARD,,500,1000,2.07,14,1483,0.3957,0.496,
HEURISTICA,UNIFORME,HARD,,500,1000,3.36,18,2227,0.998,0.361,
HEURISTICA,UNIFORME,HARD,,500,1000,2.08,20,1390,0.3781,0.452,
CPLEX,UNIFORME,HARD,,500,2000,0.92,15,2709,0.1911,5195.71,
CPLEX,UNIFORME,HARD,,500,2000,0.91,13,2788,0.2364,5400,
CPLEX,UNIFORME,HARD,,500,2000,0.91,15,2700,0.1773,5400,
CPLEX,UNIFORME,HARD,,500,2000,0.91,16,2646,0.1666,5400,
CPLEX,UNIFORME,HARD,,500,2000,0.91,14,2773,0.2074,5400,
HEURISTICA,UNIFORME,HARD,,500,2000,1.19,13,3879,1,1.53,
HEURISTICA,UNIFORME,HARD,,500,2000,1.05,14,3088,0.9997,1.821,
HEURISTICA,UNIFORME,HARD,,500,2000,1.2,13,3923,1,1.53,
HEURISTICA,UNIFORME,HARD,,500,2000,0.99,18,2783,0.4685,1.96,
HEURISTICA,UNIFORME,HARD,,500,2000,1.24,17,3715,0.9999,1.62,
HEURISTICA,UNIFORME,HARD,,500,3000,1.61,15,5765,1,3.67,
HEURISTICA,UNIFORME,HARD,,500,3000,1.57,18,5269,1,3.9,
HEURISTICA,UNIFORME,HARD,,500,3000,1.28,20,3967,0.5645,4.67,
HEURISTICA,UNIFORME,HARD,,500,3000,1.35,20,3975,0.9999,4.65,
HEURISTICA,UNIFORME,HARD,,500,3000,1.53,16,5280,1,4.24,
HEURISTICA,UNIFORME,HARD,,500,4000,1.64,23,5277,0.8076,8.65,
HEURISTICA,UNIFORME,HARD,,500,4000,1.62,19,5400,1,8.08,
HEURISTICA,UNIFORME,HARD,,500,4000,1.99,18,7369,1,7.28,
HEURISTICA,UNIFORME,HARD,,500,4000,1.68,22,5411,0.9995,8.67,
HEURISTICA,UNIFORME,HARD,,500,4000,1.88,18,6815,1,7.1,
HEURISTICA,UNIFORME,HARD,,500,5000,2.15,22,7782,0.9978,10.84,
HEURISTICA,UNIFORME,HARD,,500,5000,1.88,22,6695,0.6486,15.04,
HEURISTICA,UNIFORME,HARD,,500,5000,1.84,21,6609,0.6267,14.12,
HEURISTICA,UNIFORME,HARD,,500,5000,2.09,16,8057,1,13.07,
HEURISTICA,UNIFORME,HARD,,500,5000,2.04,20,7421,1,12.42,
HEURISTICA,UNIFORME,HARD,,500,6000,2.59,21,10057,1,20.45,
HEURISTICA,UNIFORME,HARD,,500,6000,2.09,29,7101,0.6,20.81,
HEURISTICA,UNIFORME,HARD,,500,6000,2.1,24,7673,0.5783,23.28,
HEURISTICA,UNIFORME,HARD,,500,6000,2.12,25,7809,0.8226,22.47,
HEURISTICA,UNIFORME,HARD,,500,6000,2.21,25,7809,0.9967,23.19,
HEURISTICA,UNIFORME,HARD,,500,7000,2.57,22,9864,1,23.24,
HEURISTICA,UNIFORME,HARD,,500,7000,2.69,18,10895,0.9993,30.06,
HEURISTICA,UNIFORME,HARD,,500,7000,2.97,19,12188,1,27.8,
HEURISTICA,UNIFORME,HARD,,500,7000,2.62,17,10617,0.9994,33.85,
HEURISTICA,UNIFORME,HARD,,500,7000,2.74,18,11135,0.999,30,
HEURISTICA,UNIFORME,HARD,,500,8000,3.15,22,12752,1,39.8,
HEURISTICA,UNIFORME,HARD,,500,8000,2.64,27,9908,0.7605,46.54,
HEURISTICA,UNIFORME,HARD,,500,8000,2.87,20,11575,1,41.58,
HEURISTICA,UNIFORME,HARD,,500,8000,2.61,30,9399,0.8339,45.11,
HEURISTICA,UNIFORME,HARD,,500,8000,3.05,21,12403,1,36,
HEURISTICA,UNIFORME,HARD,,500,9000,3.44,20,14422,1,52.87,
HEURISTICA,UNIFORME,HARD,,500,9000,3.23,23,13166,1,50.29,
HEURISTICA,UNIFORME,HARD,,500,9000,3.09,24,12292,0.9997,45.08,
HEURISTICA,UNIFORME,HARD,,500,9000,3.23,23,13065,1,50.08,
HEURISTICA,UNIFORME,HARD,,500,9000,3.41,22,14407,1,49.45,
HEURISTICA,UNIFORME,HARD,,500,10000,3.46,23,14211,1,68.9,
HEURISTICA,UNIFORME,HARD,,500,10000,3.08,26,12010,1,77.25,
HEURISTICA,UNIFORME,HARD,,500,10000,3.5,23,14435,0.999,69.33,
HEURISTICA,UNIFORME,HARD,,500,10000,3.84,21,16340,1,64.48,
HEURISTICA,UNIFORME,HARD,,500,10000,3.66,21,15442,1,65.13,
HEURISTICA,UNIFORME,HARD,,500,11000,4,23,16421,1,94.71,
HEURISTICA,UNIFORME,HARD,,500,11000,3.86,21,16235,1,88.6,
HEURISTICA,UNIFORME,HARD,,500,11000,3.63,21,15278,1,85.18,
HEURISTICA,UNIFORME,HARD,,500,11000,3.81,22,16076,1,86.25,
HEURISTICA,UNIFORME,HARD,,500,11000,3.74,22,15748,1,87.82,
HEURISTICA,UNIFORME,HARD,,500,12500,2.58,23,20382,1,113.26,
HEURISTICA,UNIFORME,HARD,,500,12500,2.48,24,19272,1,112.7,
HEURISTICA,UNIFORME,HARD,,500,12500,2.52,24,19578,1,103.69,
HEURISTICA,UNIFORME,HARD,,500,12500,2.33,26,17303,1,98.28,
HEURISTICA,UNIFORME,HARD,,500,12500,2.48,24,19243,1,126.34,
HEURISTICA,UNIFORME,HARD,,500,14000,2.5,37,16826,1,189.3,
HEURISTICA,UNIFORME,HARD,,500,14000,2.8,28,21576,1,138.9,
HEURISTICA,UNIFORME,HARD,,500,14000,2.7,27,20876,1,159.49,
HEURISTICA,UNIFORME,HARD,,500,14000,2.55,42,16346,0.9998,179.36,
HEURISTICA,UNIFORME,HARD,,500,14000,2.52,35,17378,0.9999,188.64,
HEURISTICA,UNIFORME,HARD,,500,15500,2.91,28,22764,1,217.42,
HEURISTICA,UNIFORME,HARD,,500,15500,2.81,31,21082,1,196.14,
HEURISTICA,UNIFORME,HARD,,500,15500,2.96,27,23446,1,199.63,
HEURISTICA,UNIFORME,HARD,,500,15500,3.14,29,24775,1,214.17,
HEURISTICA,UNIFORME,HARD,,500,15500,2.98,28,23462,1,217.76,
HEURISTICA,UNIFORME,HARD,,500,17000,3.21,27,25886,1,293.9,
HEURISTICA,UNIFORME,HARD,,500,17000,3.03,29,23691,1,275.26,
HEURISTICA,UNIFORME,HARD,,500,17000,3.23,30,25562,1,224.58,
HEURISTICA,UNIFORME,HARD,,500,17000,3.17,31,24687,1,283.86,
HEURISTICA,UNIFORME,HARD,,500,17000,2.86,38,20265,0.9998,319.8,
HEURISTICA,UNIFORME,HARD,,500,18500,3.05,45,20752,1,373.48,
HEURISTICA,UNIFORME,HARD,,500,18500,3.37,33,26346,1,325.41,
HEURISTICA,UNIFORME,HARD,,500,18500,3.32,30,26451,1,374.66,
HEURISTICA,UNIFORME,HARD,,500,18500,3.4,30,27222,1,351.35,
HEURISTICA,UNIFORME,HARD,,500,18500,3.44,33,27017,1,307.14,
HEURISTICA,UNIFORME,HARD,,500,20000,3.51,31,28142,1,382.81,
HEURISTICA,UNIFORME,HARD,,500,20000,3.54,36,27440,1,390.04,
HEURISTICA,UNIFORME,HARD,,500,20000,3.73,33,29931,1,468.45,
HEURISTICA,UNIFORME,HARD,,500,20000,3.57,35,27942,1,435.76,
HEURISTICA,UNIFORME,HARD,,500,20000,3.7,32,29789,1,368.43,
CPLEX,CLOUD,HARD,NO,1000,4000,5.79,35,4862,0.3013,1478.33,
CPLEX,CLOUD,HARD,NO,1000,4000,6.19,34,5213,0.3841,120.67,
CPLEX,CLOUD,HARD,NO,1000,4000,5.56,30,4719,0.3151,510.15,
CPLEX,CLOUD,HARD,NO,1000,4000,5.88,31,5028,0.3001,242.17,
CPLEX,CLOUD,HARD,NO,1000,4000,5.711,34,4675,0.4567,150.24,
HEURISTICA,CLOUD,HARD,NO,1000,4000,11.11,23,9871,1,6.49,
HEURISTICA,CLOUD,HARD,NO,1000,4000,10.67,24,9409,1,6.04,
HEURISTICA,CLOUD,HARD,NO,1000,4000,10.16,23,8919,1,6.63,
HEURISTICA,CLOUD,HARD,NO,1000,4000,9.86,23,8615,1,6.52,
HEURISTICA,CLOUD,HARD,NO,1000,4000,10.72,28,9381,1,5.66,
CPLEX,CLOUD,HARD,NO,1000,6000,,,,,,
CPLEX,CLOUD,HARD,NO,1000,6000,2.39,40,7349,0.3,5401,SI
CPLEX,CLOUD,HARD,NO,1000,6000,2.37,39,7083,0.4624,5401,SI
CPLEX,CLOUD,HARD,NO,1000,6000,2.37,42,7144,0.2619,5402,SI
HEURISTICA,CLOUD,HARD,NO,1000,6000,2.82,22,11104,1,19.38,
HEURISTICA,CLOUD,HARD,NO,1000,6000,3.5,30,13730,1,15.75,
HEURISTICA,CLOUD,HARD,NO,1000,6000,3.27,25,13059,1,18.48,
HEURISTICA,CLOUD,HARD,NO,1000,6000,3.46,28,13742,1,16.43,
HEURISTICA,CLOUD,HARD,NO,1000,6000,2.75,20,10992,1,20.4,
HEURISTICA,CLOUD,HARD,NO,1000,8000,2.016,27,13980,1,40.21,
HEURISTICA,CLOUD,HARD,NO,1000,8000,1.85,25,12763,1,45.24,
HEURISTICA,CLOUD,HARD,NO,1000,8000,2.12,25,15422,1,35.62,
HEURISTICA,CLOUD,HARD,NO,1000,8000,1.75,21,12555,1,43.47,
HEURISTICA,CLOUD,HARD,NO,1000,8000,1.71,24,11553,1,40.85,
HEURISTICA,CLOUD,HARD,NO,1000,10000,1.49,29,17507,1,76.73,
HEURISTICA,CLOUD,HARD,NO,1000,10000,1.64,36,17640,1,62.39,
HEURISTICA,CLOUD,HARD,NO,1000,10000,1.59,33,17805,1,64.2,
HEURISTICA,CLOUD,HARD,NO,1000,10000,1.68,41,16473,1,59.52,
HEURISTICA,CLOUD,HARD,NO,1000,10000,1.59,34,17380,1,70.23,
HEURISTICA,CLOUD,HARD,NO,1000,15000,2.05,42,23439,1,161.69,
HEURISTICA,CLOUD,HARD,NO,1000,15000,1.98,41,22514,1,179.64,
HEURISTICA,CLOUD,HARD,NO,1000,15000,1.8,34,21636,1,222.1,
HEURISTICA,CLOUD,HARD,NO,1000,15000,1.83,37,21071,1,174.4,
HEURISTICA,CLOUD,HARD,NO,1000,15000,1.96,37,23706,1,207.2,
HEURISTICA,CLOUD,HARD,NO,1000,20000,2.76,32,41708,1,442.13,
HEURISTICA,CLOUD,HARD,NO,1000,20000,2.2,39,27679,1,499.46,
HEURISTICA,CLOUD,HARD,NO,1000,20000,2.58,45,32819,1,351.44,
HEURISTICA,CLOUD,HARD,NO,1000,20000,2.37,41,30237,1,434.8,
HEURISTICA,CLOUD,HARD,NO,1000,20000,2.72,47,34887,1,300.96,
HEURISTICA,CLOUD,HARD,NO,1000,25000,2.91,47,38619,1,740.82,
HEURISTICA,CLOUD,HARD,NO,1000,25000,3.11,57,38540,1,772.01,
HEURISTICA,CLOUD,HARD,NO,1000,25000,2.83,46,37501,1,820.14,
HEURISTICA,CLOUD,HARD,NO,1000,25000,2.81,46,36944,1,612.51,
HEURISTICA,CLOUD,HARD,NO,1000,25000,2.96,48,39194,1,775.11,
HEURISTICA,CLOUD,HARD,NO,1000,30000,3.17,51,42185,1,1365.45,
HEURISTICA,CLOUD,HARD,NO,1000,30000,4.09,41,64564,1,1069.19,
HEURISTICA,CLOUD,HARD,NO,1000,30000,3.88,42,60082,1,770.83,
HEURISTICA,CLOUD,HARD,NO,1000,30000,3.26,57,41790,1,1399.15,
HEURISTICA,CLOUD,HARD,NO,1000,30000,3.43,59,44242,1,1187.04,
HEURISTICA,CLOUD,HARD,NO,1000,35000,3.94,63,52880,1,1557.8,
HEURISTICA,CLOUD,HARD,NO,1000,35000,4.59,48,71747,1,1470.09,
HEURISTICA,CLOUD,HARD,NO,1000,35000,3.87,66,50182,1,1532.68,
HEURISTICA,CLOUD,HARD,NO,1000,35000,3.81,57,52685,1,2055.09,
HEURISTICA,CLOUD,HARD,NO,1000,35000,4.28,41,68361,1,1558.97,
HEURISTICA,CLOUD,HARD,NO,1000,40000,5.13,57,78951,1,2776.5,
HEURISTICA,CLOUD,HARD,NO,1000,40000,5.57,56,88171,1,2510.17,
HEURISTICA,CLOUD,HARD,NO,1000,40000,4.18,63,57549,1,3301.36,
HEURISTICA,CLOUD,HARD,NO,1000,40000,5.1,51,80780,1,2221.92,
HEURISTICA,CLOUD,HARD,NO,1000,40000,5.18,53,81568,1,2062.44,
CPLEX,UNIFORME,HARD,,1000,4000,7.66,45,6612,0.1872,67.72,
CPLEX,UNIFORME,HARD,,1000,4000,8.58,36,7636,0.2849,65.34,
CPLEX,UNIFORME,HARD,,1000,4000,7.85,45,6735,0.2745,61.92,
CPLEX,UNIFORME,HARD,,1000,4000,8.32,38,72221,0.2988,67.79,
CPLEX,UNIFORME,HARD,,1000,4000,8.07,45,6916,0.3253,63.81,
HEURISTICA,UNIFORME,HARD,,1000,4000,12.31,38,10765,1,5.87,
HEURISTICA,UNIFORME,HARD,,1000,4000,12.53,32,11110,1,5.28,
HEURISTICA,UNIFORME,HARD,,1000,4000,12.15,36,10651,1,5.84,
HEURISTICA,UNIFORME,HARD,,1000,4000,12.3,34,10838,1,5.88,
HEURISTICA,UNIFORME,HARD,,1000,4000,12.19,34,10730,1,5.6,
CPLEX,UNIFORME,HARD,,1000,6000,2.94,41,9768,0.4372,227.05,
CPLEX,UNIFORME,HARD,,1000,6000,2.87,40,9549,0.4258,701.06,
CPLEX,UNIFORME,HARD,,1000,6000,3.08,37,10468,0.6457,390.35,
CPLEX,UNIFORME,HARD,,1000,6000,2.96,38,10191,0.4069,455.75,
CPLEX,UNIFORME,HARD,,1000,6000,2.9,40,9889,0.3166,1448.15,
HEURISTICA,UNIFORME,HARD,,1000,6000,4.12,43,15525,1,13.29,
HEURISTICA,UNIFORME,HARD,,1000,6000,4.05,44,15080,1,15.8,
HEURISTICA,UNIFORME,HARD,,1000,6000,4.04,43,15141,1,14.11,
HEURISTICA,UNIFORME,HARD,,1000,6000,3.95,39,15088,1,16.83,
HEURISTICA,UNIFORME,HARD,,1000,6000,4.03,40,15386,1,15.54,
HEURISTICA,UNIFORME,HARD,,1000,8000,2.94,44,19895,1,28.01,
HEURISTICA,UNIFORME,HARD,,1000,8000,2.91,52,17955,1,34.69,
HEURISTICA,UNIFORME,HARD,,1000,8000,2.89,45,19100,1,32.46,
HEURISTICA,UNIFORME,HARD,,1000,8000,2.99,49,19303,1,32.04,
HEURISTICA,UNIFORME,HARD,,1000,8000,2.97,48,19341,1,33.95,
HEURISTICA,UNIFORME,HARD,,1000,10000,2.3,55,23198,1,52.31,
HEURISTICA,UNIFORME,HARD,,1000,10000,2.19,49,23497,1,56.84,
HEURISTICA,UNIFORME,HARD,,1000,10000,2.19,52,22204,1,59.8,
HEURISTICA,UNIFORME,HARD,,1000,10000,2.19,51,22563,1,60.64,
HEURISTICA,UNIFORME,HARD,,1000,10000,2.19,50,22987,1,59.03,
HEURISTICA,UNIFORME,HARD,,1000,15000,2.64,52,31221,1,164.26,
HEURISTICA,UNIFORME,HARD,,1000,15000,2.72,56,31168,1,163.59,
HEURISTICA,UNIFORME,HARD,,1000,15000,2.69,55,30965,1,144.78,
HEURISTICA,UNIFORME,HARD,,1000,15000,2.7,54,31702,1,160.88,
HEURISTICA,UNIFORME,HARD,,1000,15000,3.37,47,47786,1,149.32,
HEURISTICA,UNIFORME,HARD,,1000,20000,3.14,64,36514,1,351.59,
HEURISTICA,UNIFORME,HARD,,1000,20000,3.19,64,37497,1,319.49,
HEURISTICA,UNIFORME,HARD,,1000,20000,3.09,63,35850,1,298.62,
HEURISTICA,UNIFORME,HARD,,1000,20000,3.21,64,57518,1,309.52,
HEURISTICA,UNIFORME,HARD,,1000,20000,4.09,55,57518,1,313.89,
HEURISTICA,UNIFORME,HARD,,1000,25000,3.6,73,42008,1,540.92,
HEURISTICA,UNIFORME,HARD,,1000,25000,3.62,71,43162,1,628.76,
HEURISTICA,UNIFORME,HARD,,1000,25000,3.66,68,45160,1,519.54,
HEURISTICA,UNIFORME,HARD,,1000,25000,3.77,70,46559,1,592.08,
HEURISTICA,UNIFORME,HARD,,1000,25000,3.75,71,45762,1,598.17,
HEURISTICA,UNIFORME,HARD,,1000,30000,3.93,73,48594,1,1040.34,
HEURISTICA,UNIFORME,HARD,,1000,30000,3.95,72,49491,1,989.9,
HEURISTICA,UNIFORME,HARD,,1000,30000,3.98,74,49284,1,997.84,
HEURISTICA,UNIFORME,HARD,,1000,30000,3.92,77,46900,1,1020.61,
HEURISTICA,UNIFORME,HARD,,1000,30000,3.94,77,47284,1,989.96,
HEURISTICA,UNIFORME,HARD,,1000,35000,4.53,76,59345,1,1392.7,
HEURISTICA,UNIFORME,HARD,,1000,35000,4.44,77,57206,1,1476.56,
HEURISTICA,UNIFORME,HARD,,1000,35000,4.48,77,58058,1,1428.71,
HEURISTICA,UNIFORME,HARD,,1000,35000,4.36,77,55624,1,1297.39,
HEURISTICA,UNIFORME,HARD,,1000,35000,4.56,76,59965,1,1425.91,
HEURISTICA,UNIFORME,HARD,,1000,40000,4.91,83,64265,1,1943.61,
HEURISTICA,UNIFORME,HARD,,1000,40000,4.87,84,63115,1,1973.48,
HEURISTICA,UNIFORME,HARD,,1000,40000,5.62,78,80465,1,1473.72,
HEURISTICA,UNIFORME,HARD,,1000,40000,5.01,85,65516,1,1914.37,
HEURISTICA,UNIFORME,HARD,,1000,40000,5.64,75,81964,1,406.94,
CPLEX,CLOUD,MEDIUM,SI,100,20,8.46,4,87,0.0076,0.14,
CPLEX,CLOUD,MEDIUM,SI,100,20,8.64,4,87,0.0075,0.14,
CPLEX,CLOUD,MEDIUM,SI,100,20,9.39,3,116,0.015,0.34,
CPLEX,CLOUD,MEDIUM,SI,100,20,8.11,3,92,0.013,0.15,
CPLEX,CLOUD,MEDIUM,SI,100,20,7.93,4,74,0.006,0.17,
CPLEX,CLOUD,MEDIUM,NO,100,20,2.26,1,20,0.0066,1.44,
CPLEX,CLOUD,MEDIUM,NO,100,20,2.28,1,20,0.0071,0.84,
CPLEX,CLOUD,MEDIUM,NO,100,20,2.26,1,20,0.0068,1.33,
CPLEX,CLOUD,MEDIUM,NO,100,20,2.28,1,20,0.0071,1.16,
CPLEX,CLOUD,MEDIUM,NO,100,20,2.32,1,20,0.0081,1.13,
HEURISTICA,CLOUD,MEDIUM,SI,100,20,11.86,5,127,0.013,0.001,
HEURISTICA,CLOUD,MEDIUM,SI,100,20,11.37,6,102,0.007,0.001,
HEURISTICA,CLOUD,MEDIUM,SI,100,20,10,3,129,0.14,0.001,
HEURISTICA,CLOUD,MEDIUM,SI,100,20,9.1,3,111,0.014,0.001,
HEURISTICA,CLOUD,MEDIUM,SI,100,20,8.98,3,107,0.0161,0.002,
HEURISTICA,CLOUD,MEDIUM,NO,100,20,2.26,1,20,0.0066,0.003,
HEURISTICA,CLOUD,MEDIUM,NO,100,20,2.28,1,20,0.0071,0.003,
HEURISTICA,CLOUD,MEDIUM,NO,100,20,2.26,1,20,0.0068,0.003,
HEURISTICA,CLOUD,MEDIUM,NO,100,20,2.28,1,20,0.0071,0.003,
HEURISTICA,CLOUD,MEDIUM,NO,100,20,2.32,1,20,0.0081,0.004,
CPLEX,CLOUD,MEDIUM,SI,100,50,10.26,4,298,0.0191,1.1,
CPLEX,CLOUD,MEDIUM,SI,100,50,10.66,4,315,0.0231,0.92,
CPLEX,CLOUD,MEDIUM,SI,100,50,8.67,3,267,0.0211,0.71,
CPLEX,CLOUD,MEDIUM,SI,100,50,7.59,3,215,0.0185,1.05,
CPLEX,CLOUD,MEDIUM,SI,100,50,9.31,3,290,0.0331,0.76,
CPLEX,CLOUD,MEDIUM,NO,100,50,2.32,1,50,0.0205,8.38,
CPLEX,CLOUD,MEDIUM,NO,100,50,2.32,1,52,0.0176,5.75,
CPLEX,CLOUD,MEDIUM,NO,100,50,2.28,1,50,0.0178,10.79,
CPLEX,CLOUD,MEDIUM,NO,100,50,2.34,1,50,0.0217,8.76,
CPLEX,CLOUD,MEDIUM,NO,100,50,2.3,1,50,0.019,6.55,
HEURISTICA,CLOUD,MEDIUM,SI,100,50,11.96,6,269,0.0372,0.004,
HEURISTICA,CLOUD,MEDIUM,SI,100,50,14.32,8,295,0.0271,0.004,
HEURISTICA,CLOUD,MEDIUM,SI,100,50,11.26,5,277,0.0462,0.005,
HEURISTICA,CLOUD,MEDIUM,SI,100,50,7.8,3,221,0.0241,0.006,
HEURISTICA,CLOUD,MEDIUM,SI,100,50,11.16,2,411,0.0602,0.005,
HEURISTICA,CLOUD,MEDIUM,NO,100,50,2.32,1,50,0.0205,0.013,
HEURISTICA,CLOUD,MEDIUM,NO,100,50,2.32,1,52,0.0176,0.013,
HEURISTICA,CLOUD,MEDIUM,NO,100,50,2.28,1,50,0.0178,0.013,
HEURISTICA,CLOUD,MEDIUM,NO,100,50,2.34,1,50,0.0218,0.013,
HEURISTICA,CLOUD,MEDIUM,NO,100,50,2.3,1,50,0.019,0.013,
CPLEX,CLOUD,MEDIUM,SI,100,100,8.89,3,550,0.0502,3.63,
CPLEX,CLOUD,MEDIUM,SI,100,100,7.92,3,471,0.027,3.27,
CPLEX,CLOUD,MEDIUM,SI,100,100,9.23,4,489,0.0442,2.31,
CPLEX,CLOUD,MEDIUM,SI,100,100,10.33,5,512,0.0271,1.64,
CPLEX,CLOUD,MEDIUM,SI,100,100,9.94,4,571,0.03,1.95,
CPLEX,CLOUD,MEDIUM,NO,100,100,2.31,1,100,0.0399,35.08,
CPLEX,CLOUD,MEDIUM,NO,100,100,2.27,1,100,0.035,38.06,
CPLEX,CLOUD,MEDIUM,NO,100,100,2.31,1,100,0.04,42.27,
CPLEX,CLOUD,MEDIUM,NO,100,100,2.28,1,100,0.0361,36.53,
CPLEX,CLOUD,MEDIUM,NO,100,100,2.28,1,100,0.0361,42.15,
HEURISTICA,CLOUD,MEDIUM,SI,100,100,10.48,5,492,0.0722,0.01,
HEURISTICA,CLOUD,MEDIUM,SI,100,100,9.38,4,501,0.0482,0.012,
HEURISTICA,CLOUD,MEDIUM,SI,100,100,11.02,2,805,0.125,0.009,
HEURISTICA,CLOUD,MEDIUM,SI,100,100,14.08,9,489,0.0251,0.008,
HEURISTICA,CLOUD,MEDIUM,SI,100,100,11.03,3,746,0.0733,0.009,
HEURISTICA,CLOUD,MEDIUM,NO,100,100,2.31,1,100,0.0399,0.026,
HEURISTICA,CLOUD,MEDIUM,NO,100,100,2.27,1,100,0.035,0.026,
HEURISTICA,CLOUD,MEDIUM,NO,100,100,2.31,1,100,0.04,0.026,
HEURISTICA,CLOUD,MEDIUM,NO,100,100,2.28,1,100,0.0361,0.025,
HEURISTICA,CLOUD,MEDIUM,NO,100,100,2.28,1,100,0.0363,0.026,
CPLEX,CLOUD,MEDIUM,SI,100,150,9.3,3,895,0.2337,4.74,
CPLEX,CLOUD,MEDIUM,SI,100,150,9.49,4,785,0.0452,4.96,
CPLEX,CLOUD,MEDIUM,SI,100,150,8.58,3,767,0.0843,17.51,
CPLEX,CLOUD,MEDIUM,SI,100,150,10.82,5,837,0.0422,3.53,
CPLEX,CLOUD,MEDIUM,SI,100,150,9.22,3,865,0.0823,4.82,
CPLEX,CLOUD,MEDIUM,NO,100,150,2.3,1,150,0.057,93.64,
CPLEX,CLOUD,MEDIUM,NO,100,150,2.29,1,150,0.0544,60.91,
CPLEX,CLOUD,MEDIUM,NO,100,150,2.27,1,150,0.051,58.77,
CPLEX,CLOUD,MEDIUM,NO,100,150,2.31,1,150,0.0583,74.86,
CPLEX,CLOUD,MEDIUM,NO,100,150,2.29,1,150,0.0549,78.28,
HEURISTICA,CLOUD,MEDIUM,SI,100,150,11.99,2,1336,0.1994,0.013,
HEURISTICA,CLOUD,MEDIUM,SI,100,150,12.8,2,1430,0.2337,0.019,
HEURISTICA,CLOUD,MEDIUM,SI,100,150,8.91,2,939,0.1185,0.015,
HEURISTICA,CLOUD,MEDIUM,SI,100,150,14.85,4,1494,0.1511,0.012,
HEURISTICA,CLOUD,MEDIUM,SI,100,150,12.07,7,721,0.0466,0.015,
HEURISTICA,CLOUD,MEDIUM,NO,100,150,2.3,1,150,0.057,0.041,
HEURISTICA,CLOUD,MEDIUM,NO,100,150,2.29,1,150,0.0544,0.042,
HEURISTICA,CLOUD,MEDIUM,NO,100,150,2.27,1,150,0.051,0.042,
HEURISTICA,CLOUD,MEDIUM,NO,100,150,2.31,1,150,0.0583,0.042,
HEURISTICA,CLOUD,MEDIUM,NO,100,150,2.29,1,150,0.0549,0.042,
CPLEX,CLOUD,MEDIUM,SI,100,200,8.94,3,1109,0.104,11.25,
CPLEX,CLOUD,MEDIUM,SI,100,200,8.46,2,1192,0.1285,18.31,
CPLEX,CLOUD,MEDIUM,SI,100,200,9.74,4,1097,0.0653,9.43,
CPLEX,CLOUD,MEDIUM,SI,100,200,10.28,4,1203,0.0692,6.22,
CPLEX,CLOUD,MEDIUM,SI,100,200,9.77,4,1092,0.0803,4.32,
CPLEX,CLOUD,MEDIUM,NO,100,200,2.28,1,200,0.0713,115.96,
CPLEX,CLOUD,MEDIUM,NO,100,200,2.3,1,200,0.0764,111.99,
CPLEX,CLOUD,MEDIUM,NO,100,200,2.3,1,200,0.0772,112.73,
CPLEX,CLOUD,MEDIUM,NO,100,200,2.28,1,200,0.071,154.93,
CPLEX,CLOUD,MEDIUM,NO,100,200,2.3,1,200,0.0764,149.51,
HEURISTICA,CLOUD,MEDIUM,SI,100,200,9.48,2,1364,0.1707,0.022,
HEURISTICA,CLOUD,MEDIUM,SI,100,200,9.08,2,1286,0.1656,0.018,
HEURISTICA,CLOUD,MEDIUM,SI,100,200,12.15,3,1645,0.2378,0.017,
HEURISTICA,CLOUD,MEDIUM,SI,100,200,120.8,3,1671,0.1852,0.018,
HEURISTICA,CLOUD,MEDIUM,SI,100,200,12.62,4,1576,0.1907,0.022,
HEURISTICA,CLOUD,MEDIUM,NO,100,200,2.28,1,200,0.0713,0.056,
HEURISTICA,CLOUD,MEDIUM,NO,100,200,2.3,1,200,0.0764,0.056,
HEURISTICA,CLOUD,MEDIUM,NO,100,200,2.3,1,200,0.0772,0.056,
HEURISTICA,CLOUD,MEDIUM,NO,100,200,2.28,1,200,0.071,0.056,
HEURISTICA,CLOUD,MEDIUM,NO,100,200,2.3,1,200,0.0764,0.057,
CPLEX,CLOUD,MEDIUM,SI,100,500,8.86,3,2789,0.1827,75.46,
CPLEX,CLOUD,MEDIUM,SI,100,500,8.89,3,2789,0.2038,74.65,
CPLEX,CLOUD,MEDIUM,SI,100,500,9.66,3,3298,0.3744,66.29,
CPLEX,CLOUD,MEDIUM,SI,100,500,8.87,3,2772,0.2088,192.97,
CPLEX,CLOUD,MEDIUM,SI,100,500,8.73,3,2694,0.2199,388.44,
CPLEX,CLOUD,MEDIUM,NO,100,500,2.28,1,500,0.1817,1784.1,
CPLEX,CLOUD,MEDIUM,NO,100,500,2.29,1,500,0.1877,1541,
CPLEX,CLOUD,MEDIUM,NO,100,500,2.3,1,500,0.1958,1888.06,
CPLEX,CLOUD,MEDIUM,NO,100,500,2.3,1,500,0.1908,1452.23,
CPLEX,CLOUD,MEDIUM,NO,100,500,2.3,1,500,0.1908,1611.33,
HEURISTICA,CLOUD,MEDIUM,SI,100,500,10.45,2,3810,0.5333,0.093,
HEURISTICA,CLOUD,MEDIUM,SI,100,500,11.12,3,3760,0.3828,0.089,
HEURISTICA,CLOUD,MEDIUM,SI,100,500,12.02,3,4038,0.609,0.083,
HEURISTICA,CLOUD,MEDIUM,SI,100,500,10.18,3,3298,0.3744,0.091,
HEURISTICA,CLOUD,MEDIUM,SI,100,500,11.2,3,3809,0.2744,0.074,
HEURISTICA,CLOUD,MEDIUM,NO,100,500,2.28,1,500,0.1817,0.204,
HEURISTICA,CLOUD,MEDIUM,NO,100,500,2.29,1,500,0.1877,0.207,
HEURISTICA,CLOUD,MEDIUM,NO,100,500,2.3,1,500,0.1958,0.203,
HEURISTICA,CLOUD,MEDIUM,NO,100,500,2.3,1,500,0.1908,0.196,
HEURISTICA,CLOUD,MEDIUM,NO,100,500,2.3,1,500,0.1897,0.205,
CPLEX,UNIFORME,MEDIUM,SI,100,20,14.09,7,134,0.0101,0.38,
CPLEX,UNIFORME,MEDIUM,SI,100,20,13.94,8,111,0.0101,0.07,
CPLEX,UNIFORME,MEDIUM,SI,100,20,13.94,8,111,0.0101,0.07,
CPLEX,UNIFORME,MEDIUM,SI,100,20,13.5,5,163,0.009,0.08,
CPLEX,UNIFORME,MEDIUM,SI,100,20,13.58,6,143,0.011,0.09,
CPLEX,UNIFORME,MEDIUM,NO,100,20,2.31,1,20,0.008,0.66,
CPLEX,UNIFORME,MEDIUM,NO,100,20,2.31,1,21,0.0066,0.75,
CPLEX,UNIFORME,MEDIUM,NO,100,20,2.33,1,21,0.0072,0.91,
CPLEX,UNIFORME,MEDIUM,NO,100,20,2.23,1,20,0.006,0.74,
CPLEX,UNIFORME,MEDIUM,NO,100,20,2.25,1,20,0.0065,0.86,
HEURISTICA,UNIFORME,MEDIUM,SI,100,20,17.49,10,138,0.0151,0.001,
HEURISTICA,UNIFORME,MEDIUM,SI,100,20,17.7,11,127,0.009,0.001,
HEURISTICA,UNIFORME,MEDIUM,SI,100,20,16.02,11,95,0.007,0.001,
HEURISTICA,UNIFORME,MEDIUM,SI,100,20,16.03,4,228,0.0161,0.001,
HEURISTICA,UNIFORME,MEDIUM,SI,100,20,16.99,10,132,0.01,0.001,
HEURISTICA,UNIFORME,MEDIUM,NO,100,20,2.31,1,20,0.008,0.003,
HEURISTICA,UNIFORME,MEDIUM,NO,100,20,2.35,1,22,0.0064,0.003,
HEURISTICA,UNIFORME,MEDIUM,NO,100,20,2.33,1,21,0.0072,0.003,
HEURISTICA,UNIFORME,MEDIUM,NO,100,20,2.28,1,21,0.0059,0.003,
HEURISTICA,UNIFORME,MEDIUM,NO,100,20,2.25,1,20,0.0065,0.003,
CPLEX,UNIFORME,MEDIUM,SI,100,50,14.43,6,406,0.02,0.42,
CPLEX,UNIFORME,MEDIUM,SI,100,50,14.03,6,390,0.015,0.46,
CPLEX,UNIFORME,MEDIUM,SI,100,50,13.86,4,464,0.0372,0.36,
CPLEX,UNIFORME,MEDIUM,SI,100,50,14.45,6,409,0.0171,1.03,
CPLEX,UNIFORME,MEDIUM,SI,100,50,14.28,5,436,0.0362,0.3,
CPLEX,UNIFORME,MEDIUM,NO,100,50,2.31,1,52,0.0175,3.67,
CPLEX,UNIFORME,MEDIUM,NO,100,50,2.31,1,51,0.0184,3.58,
CPLEX,UNIFORME,MEDIUM,NO,100,50,2.32,1,52,0.0181,4.28,
CPLEX,UNIFORME,MEDIUM,NO,100,50,2.27,1,50,0.0172,3.56,
CPLEX,UNIFORME,MEDIUM,NO,100,50,2.35,1,52,0.0201,4.04,
HEURISTICA,UNIFORME,MEDIUM,SI,100,50,17.21,5,562,0.0624,0.003,
HEURISTICA,UNIFORME,MEDIUM,SI,100,50,17.45,5,585,0.0483,0.004,
HEURISTICA,UNIFORME,MEDIUM,SI,100,50,15.37,5,476,0.0544,0.004,
HEURISTICA,UNIFORME,MEDIUM,SI,100,50,15.82,4,566,0.0322,0.003,
HEURISTICA,UNIFORME,MEDIUM,SI,100,50,17.17,7,477,0.0402,0.004,
HEURISTICA,UNIFORME,MEDIUM,NO,100,50,2.31,1,52,0.0175,0.012,
HEURISTICA,UNIFORME,MEDIUM,NO,100,50,2.31,1,51,0.0184,0.013,
HEURISTICA,UNIFORME,MEDIUM,NO,100,50,2.32,1,52,0.0181,0.013,
HEURISTICA,UNIFORME,MEDIUM,NO,100,50,2.27,1,50,0.0172,0.013,
HEURISTICA,UNIFORME,MEDIUM,NO,100,50,2.36,1,53,0.0192,0.013,
CPLEX,UNIFORME,MEDIUM,SI,100,100,14.68,5,929,0.0504,1.07,
CPLEX,UNIFORME,MEDIUM,SI,100,100,14.74,6,841,0.0422,1,
CPLEX,UNIFORME,MEDIUM,SI,100,100,14.52,5,917,0.0443,0.95,
CPLEX,UNIFORME,MEDIUM,SI,100,100,14.82,6,846,0.0462,0.85,
CPLEX,UNIFORME,MEDIUM,SI,100,100,15.05,5,971,0.0444,1.72,
CPLEX,UNIFORME,MEDIUM,NO,100,100,2.32,1,104,0.0354,28.93,
CPLEX,UNIFORME,MEDIUM,NO,100,100,2.32,1,104,0.0354,21.52,
CPLEX,UNIFORME,MEDIUM,NO,100,100,2.39,1,116,0.0299,16.24,
CPLEX,UNIFORME,MEDIUM,NO,100,100,2.32,1,105,0.035,30.88,
CPLEX,UNIFORME,MEDIUM,NO,100,100,2.32,1,105,0.0349,30.06,
HEURISTICA,UNIFORME,MEDIUM,SI,100,100,15.3,5,977,0.0685,0.006,
HEURISTICA,UNIFORME,MEDIUM,SI,100,100,17.39,5,1168,0.0907,0.006,
HEURISTICA,UNIFORME,MEDIUM,SI,100,100,17.31,5,1130,0.1291,0.006,
HEURISTICA,UNIFORME,MEDIUM,SI,100,100,17.56,5,1157,0.127,0.006,
HEURISTICA,UNIFORME,MEDIUM,SI,100,100,17.09,6,1032,0.0988,0.008,
HEURISTICA,UNIFORME,MEDIUM,NO,100,100,2.31,1,104,0.0356,0.025,
HEURISTICA,UNIFORME,MEDIUM,NO,100,100,2.32,1,104,0.0354,0.025,
HEURISTICA,UNIFORME,MEDIUM,NO,100,100,2.39,1,116,0.0299,0.025,
HEURISTICA,UNIFORME,MEDIUM,NO,100,100,2.32,1,105,0.035,0.025,
HEURISTICA,UNIFORME,MEDIUM,NO,100,100,2.35,1,109,0.0329,0.025,
CPLEX,UNIFORME,MEDIUM,SI,100,150,15.51,6,1361,0.0746,1.72,
CPLEX,UNIFORME,MEDIUM,SI,100,150,14.92,6,1292,0.0502,2.71,
CPLEX,UNIFORME,MEDIUM,SI,100,150,14.78,5,1394,0.0847,2.51,
CPLEX,UNIFORME,MEDIUM,SI,100,150,15.22,6,1332,0.0572,4.77,
CPLEX,UNIFORME,MEDIUM,SI,100,150,15.33,6,1349,0.0572,4.82,
CPLEX,UNIFORME,MEDIUM,NO,100,150,2.4,1,177,0.0411,40.18,
CPLEX,UNIFORME,MEDIUM,NO,100,150,2.31,1,157,0.0505,34.87,
CPLEX,UNIFORME,MEDIUM,NO,100,150,2.33,1,156,0.0554,35.59,
CPLEX,UNIFORME,MEDIUM,NO,100,150,2.3,1,156,0.0496,34.28,
CPLEX,UNIFORME,MEDIUM,NO,100,150,2.31,1,158,0.0483,48.4,
HEURISTICA,UNIFORME,MEDIUM,SI,100,150,17.5,5,1697,0.2178,0.009,
HEURISTICA,UNIFORME,MEDIUM,SI,100,150,16.86,5,1628,0.1832,0.014,
HEURISTICA,UNIFORME,MEDIUM,SI,100,150,17.38,6,1548,0.1936,0.013,
HEURISTICA,UNIFORME,MEDIUM,SI,100,150,19.45,8,1609,0.1289,0.008,
HEURISTICA,UNIFORME,MEDIUM,SI,100,150,17.35,5,1705,,0.009,
HEURISTICA,UNIFORME,MEDIUM,NO,100,150,2.41,1,177,0.0426,0.04,
HEURISTICA,UNIFORME,MEDIUM,NO,100,150,2.31,1,157,0.0505,0.041,
HEURISTICA,UNIFORME,MEDIUM,NO,100,150,2.33,1,156,0.0554,0.04,
HEURISTICA,UNIFORME,MEDIUM,NO,100,150,2.31,1,157,0.0494,0.04,
HEURISTICA,UNIFORME,MEDIUM,NO,100,150,2.31,1,158,0.0483,0.04,
CPLEX,UNIFORME,MEDIUM,SI,100,200,14.97,6,1749,0.0602,4.67,
CPLEX,UNIFORME,MEDIUM,SI,100,200,15.65,5,2052,0.1008,7.08,
CPLEX,UNIFORME,MEDIUM,SI,100,200,15.47,5,2006,0.113,2.71,
CPLEX,UNIFORME,MEDIUM,SI,100,200,14.96,6,1738,0.0703,2.62,
CPLEX,UNIFORME,MEDIUM,SI,100,200,15.67,6,1873,0.0786,5.49,
CPLEX,UNIFORME,MEDIUM,NO,100,200,2.29,1,202,0.0729,72.36,
CPLEX,UNIFORME,MEDIUM,NO,100,200,2.3,1,206,0.0686,56.57,
CPLEX,UNIFORME,MEDIUM,NO,100,200,2.33,1,209,0.0722,73.62,
CPLEX,UNIFORME,MEDIUM,NO,100,200,2.32,1,208,0.0732,66.03,
CPLEX,UNIFORME,MEDIUM,NO,100,200,2.33,1,209,0.0739,85.56,
HEURISTICA,UNIFORME,MEDIUM,SI,100,200,16.71,5,2168,0.1774,0.013,
HEURISTICA,UNIFORME,MEDIUM,SI,100,200,16.4,5,2131,0.2219,0.019,
HEURISTICA,UNIFORME,MEDIUM,SI,100,200,18.83,8,2000,0.1915,0.014,
HEURISTICA,UNIFORME,MEDIUM,SI,100,200,18.17,5,2387,0.2137,0.013,
HEURISTICA,UNIFORME,MEDIUM,SI,100,200,19.17,8,2083,0.3165,0.01,
HEURISTICA,UNIFORME,MEDIUM,NO,100,200,2.29,1,202,0.0729,0.054,
HEURISTICA,UNIFORME,MEDIUM,NO,100,200,2.32,1,213,0.0648,0.056,
HEURISTICA,UNIFORME,MEDIUM,NO,100,200,2.35,1,217,0.0689,0.055,
HEURISTICA,UNIFORME,MEDIUM,NO,100,200,2.32,1,208,0.0732,0.054,
HEURISTICA,UNIFORME,MEDIUM,NO,100,200,2.34,1,210,0.074,0.055,
CPLEX,UNIFORME,MEDIUM,SI,100,500,15.47,6,4580,0.1995,98.63,
CPLEX,UNIFORME,MEDIUM,SI,100,500,15.84,5,5195,0.2922,169.6,
CPLEX,UNIFORME,MEDIUM,SI,100,500,15.42,5,5040,0.2196,56.74,
CPLEX,UNIFORME,MEDIUM,SI,100,500,15.46,6,4580,0.1935,41.2,
CPLEX,UNIFORME,MEDIUM,SI,100,500,15.48,6,4586,0.1955,46.36,
CPLEX,UNIFORME,MEDIUM,NO,100,500,2.31,1,517,0.1797,523.83,
CPLEX,UNIFORME,MEDIUM,NO,100,500,2.32,1,518,0.1795,666.35,
CPLEX,UNIFORME,MEDIUM,NO,100,500,2.32,1,519,0.1786,534.04,
CPLEX,UNIFORME,MEDIUM,NO,100,500,2.33,1,516,0.191,781.41,
CPLEX,UNIFORME,MEDIUM,NO,100,500,2.32,1,516,0.1876,701.87,
HEURISTICA,UNIFORME,MEDIUM,SI,100,500,18.42,8,4979,0.2982,0.062,
HEURISTICA,UNIFORME,MEDIUM,SI,100,500,17.16,5,5575,0.6489,0.075,
HEURISTICA,UNIFORME,MEDIUM,SI,100,500,17.62,5,5769,0.6953,0.055,
HEURISTICA,UNIFORME,MEDIUM,SI,100,500,17.81,6,5495,0.5281,0.08,
HEURISTICA,UNIFORME,MEDIUM,SI,100,500,16.42,5,5328,0.4878,0.073,
HEURISTICA,UNIFORME,MEDIUM,NO,100,500,2.31,1,517,0.1797,0.201,
HEURISTICA,UNIFORME,MEDIUM,NO,100,500,2.32,1,519,0.18,0.201,
HEURISTICA,UNIFORME,MEDIUM,NO,100,500,2.32,1,524,0.1766,0.203,
HEURISTICA,UNIFORME,MEDIUM,NO,100,500,2.33,1,516,0.191,0.198,
HEURISTICA,UNIFORME,MEDIUM,NO,100,500,2.33,1,520,0.1856,0.193,
CPLEX,CLOUD,MEDIUM,,500,1000,1.24,8,1044,0.0449,5401,TO
CPLEX,CLOUD,MEDIUM,,500,1000,1.29,10,1057,0.0381,1725.47,
CPLEX,CLOUD,MEDIUM,,500,1000,1.28,9,1069,0.0461,1136.15,
CPLEX,CLOUD,MEDIUM,,500,1000,1.23,8,1306,0.0499,3807.65,
CPLEX,CLOUD,MEDIUM,,500,1000,1.34,12,1079,0.0334,874.35,
HEURISTICA,CLOUD,MEDIUM,,500,1000,1.36,9,1103,0.0938,0.343,
HEURISTICA,CLOUD,MEDIUM,,500,1000,1.4,7,1193,0.0863,0.357,
HEURISTICA,CLOUD,MEDIUM,,500,1000,1.44,7,1215,0.1034,0.362,
HEURISTICA,CLOUD,MEDIUM,,500,1000,1.34,6,1139,0.1109,0.355,
HEURISTICA,CLOUD,MEDIUM,,500,1000,1.46,10,1205,0.0678,0.364,
CPLEX,CLOUD,MEDIUM,,500,2000,,,,,,
CPLEX,CLOUD,MEDIUM,,500,2000,,,,,,
CPLEX,CLOUD,MEDIUM,,500,2000,,,,,,
CPLEX,CLOUD,MEDIUM,,500,2000,0.64,5,2461,0.1346,5414.42,TO
HEURISTICA,CLOUD,MEDIUM,,500,2000,0.68,9,2355,0.201,1.14,
HEURISTICA,CLOUD,MEDIUM,,500,2000,0.66,7,2417,0.2081,1.1,
HEURISTICA,CLOUD,MEDIUM,,500,2000,0.65,7,2397,0.2187,1.08,
HEURISTICA,CLOUD,MEDIUM,,500,2000,0.71,11,2311,0.1593,1.18,
HEURISTICA,CLOUD,MEDIUM,,500,2000,0.62,7,2274,0.1847,1.12,
HEURISTICA,CLOUD,MEDIUM,,500,3000,0.94,8,3737,0.21,2.5,
HEURISTICA,CLOUD,MEDIUM,,500,3000,0.93,8,3618,0.3233,2.35,
HEURISTICA,CLOUD,MEDIUM,,500,3000,0.98,11,3592,0.3013,2.44,
HEURISTICA,CLOUD,MEDIUM,,500,3000,0.93,9,3587,0.2117,2.43,
HEURISTICA,CLOUD,MEDIUM,,500,3000,0.93,8,3600,0.3038,2.39,
HEURISTICA,CLOUD,MEDIUM,,500,4000,1.19,11,4583,0.3584,4.36,
HEURISTICA,CLOUD,MEDIUM,,500,4000,1.15,10,4510,0.3354,4.16,
HEURISTICA,CLOUD,MEDIUM,,500,4000,1.17,12,4369,0.3677,4.67,
HEURISTICA,CLOUD,MEDIUM,,500,4000,1.15,10,4546,0.2822,4.41,
HEURISTICA,CLOUD,MEDIUM,,500,4000,1.13,8,4510,0.4547,4.14,
HEURISTICA,CLOUD,MEDIUM,,500,5000,1.85,6,8191,0.6198,4.79,
HEURISTICA,CLOUD,MEDIUM,,500,5000,1.41,14,5307,0.4929,6.9,
HEURISTICA,CLOUD,MEDIUM,,500,5000,1.41,13,5384,0.4755,6.98,
HEURISTICA,CLOUD,MEDIUM,,500,5000,1.49,13,5811,0.4158,6.84,
HEURISTICA,CLOUD,MEDIUM,,500,5000,1.36,10,5389,0.5634,6.35,
HEURISTICA,CLOUD,MEDIUM,,500,6000,1.53,7,6205,0.9354,8.96,
HEURISTICA,CLOUD,MEDIUM,,500,6000,1.69,12,6734,0.6473,10.08,
HEURISTICA,CLOUD,MEDIUM,,500,6000,1.67,14,6621,0.4051,10.12,
HEURISTICA,CLOUD,MEDIUM,,500,6000,1.77,11,7375,0.4668,10.34,
HEURISTICA,CLOUD,MEDIUM,,500,6000,1.69,11,6903,0.5695,9.38,
HEURISTICA,CLOUD,MEDIUM,,500,7000,1.92,12,7738,0.8495,12.99,
HEURISTICA,CLOUD,MEDIUM,,500,7000,1.92,14,7591,0.8232,13.7,
HEURISTICA,CLOUD,MEDIUM,,500,7000,1.82,9,7941,0.4242,13.74,
HEURISTICA,CLOUD,MEDIUM,,500,7000,2.23,7,10238,5783,10.92,
HEURISTICA,CLOUD,MEDIUM,,500,7000,1.8,9,7548,0.7038,14.24,
HEURISTICA,CLOUD,MEDIUM,,500,8000,2.13,13,8874,0.628,15.44,
HEURISTICA,CLOUD,MEDIUM,,500,8000,2.04,10,8689,0.646,15.88,
HEURISTICA,CLOUD,MEDIUM,,500,8000,2.52,6,11267,0.8917,13.23,
HEURISTICA,CLOUD,MEDIUM,,500,8000,2.32,14,9638,0.7531,19,
HEURISTICA,CLOUD,MEDIUM,,500,8000,2.14,11,8946,0.8485,18.58,
HEURISTICA,CLOUD,MEDIUM,,500,9000,2.38,14,9926,0.7624,24.72,
HEURISTICA,CLOUD,MEDIUM,,500,9000,2.43,13,10305,0.6883,23.47,
HEURISTICA,CLOUD,MEDIUM,,500,9000,2.32,16,9512,0.6598,21.11,
HEURISTICA,CLOUD,MEDIUM,,500,9000,2.39,14,9888,0.8645,25.82,
HEURISTICA,CLOUD,MEDIUM,,500,9000,2.92,5,13348,0.9749,18.17,
HEURISTICA,CLOUD,MEDIUM,,500,10000,2.68,15,11366,0.7207,31.15,
HEURISTICA,CLOUD,MEDIUM,,500,10000,3,7,13646,0.825,24.83,
HEURISTICA,CLOUD,MEDIUM,,500,10000,2.52,11,10782,0.9466,23.69,
HEURISTICA,CLOUD,MEDIUM,,500,10000,2.81,15,11847,0.9331,27.4,
HEURISTICA,CLOUD,MEDIUM,,500,10000,2.53,13,10.79,0.6941,33.47,
HEURISTICA,CLOUD,MEDIUM,,500,11000,2.77,17,11574,0.7651,41.42,
HEURISTICA,CLOUD,MEDIUM,,500,11000,3.46,5,16095,0.9047,41.42,
HEURISTICA,CLOUD,MEDIUM,,500,11000,2.74,13,11617,1,36.71,
HEURISTICA,CLOUD,MEDIUM,,500,11000,2.73,15,11400,0.9228,30.58,
HEURISTICA,CLOUD,MEDIUM,,500,11000,2.71,12,11585,1,31.64,
HEURISTICA,CLOUD,MEDIUM,,500,12500,1.72,13,13785,1,53.93,
HEURISTICA,CLOUD,MEDIUM,,500,12500,2.04,5,18627,1,53.93,
HEURISTICA,CLOUD,MEDIUM,,500,12500,2.13,4,19748,1,31.78,
HEURISTICA,CLOUD,MEDIUM,,500,12500,1.63,13,12959,1,49.97,
HEURISTICA,CLOUD,MEDIUM,,500,12500,1.72,13,12936,0.9114,52.66,
HEURISTICA,CLOUD,MEDIUM,,500,14000,1.91,19,14663,0.7879,59.36,
HEURISTICA,CLOUD,MEDIUM,,500,14000,2.26,4,21001,1,50.6,
HEURISTICA,CLOUD,MEDIUM,,500,14000,1.83,13,14951,1,73.87,
HEURISTICA,CLOUD,MEDIUM,,500,14000,1.83,15,14499,1,71.84,
HEURISTICA,CLOUD,MEDIUM,,500,14000,1.91,5,17358,1,67.51,
HEURISTICA,CLOUD,MEDIUM,,500,15500,2,14,16413,1,88.02,
HEURISTICA,CLOUD,MEDIUM,,500,15500,2.01,14,16522,1,88.61,
HEURISTICA,CLOUD,MEDIUM,,500,15500,2.44,5,22648,1,60.35,
HEURISTICA,CLOUD,MEDIUM,,500,15500,2.04,14,16841,1,90.31,
HEURISTICA,CLOUD,MEDIUM,,500,15500,1.96,13,16199,1,85.74,
HEURISTICA,CLOUD,MEDIUM,,500,17000,2.48,6,22792,1,82.59,
HEURISTICA,CLOUD,MEDIUM,,500,17000,2.18,16,17870,1,106.71,
HEURISTICA,CLOUD,MEDIUM,,500,17000,2.14,13,17970,1,103.88,
HEURISTICA,CLOUD,MEDIUM,,500,17000,2.57,7,23520,1,85.63,
HEURISTICA,CLOUD,MEDIUM,,500,17000,2.14,13,17970,1,112.45,
HEURISTICA,CLOUD,MEDIUM,,500,18500,2.71,8,24702,1,107.84,
HEURISTICA,CLOUD,MEDIUM,,500,18500,2.53,14,21680,1,137.41,
HEURISTICA,CLOUD,MEDIUM,,500,18500,2.31,13,19750,1,139.46,
HEURISTICA,CLOUD,MEDIUM,,500,18500,2.21,12,18901,1,133.49,
HEURISTICA,CLOUD,MEDIUM,,500,18500,2.68,6,24850,1,100.51,
HEURISTICA,CLOUD,MEDIUM,,500,20000,2.54,18,21081,1,137.15,
HEURISTICA,CLOUD,MEDIUM,,500,20000,2.51,16,21149,1,161.25,
HEURISTICA,CLOUD,MEDIUM,,500,20000,2.48,16,20839,1,165.05,
HEURISTICA,CLOUD,MEDIUM,,500,20000,2.69,8,24551,1,129.72,
HEURISTICA,CLOUD,MEDIUM,,500,20000,2.8,7,25783,1,131.2,
CPLEX,UNIFORME,MEDIUM,,500,1000,1.62,22,1167,0.0198,141.57,
CPLEX,UNIFORME,MEDIUM,,500,1000,1.67,18,1297,0.0182,147.42,
CPLEX,UNIFORME,MEDIUM,,500,1000,1.63,20,1212,0.0194,146.38,
CPLEX,UNIFORME,MEDIUM,,500,1000,1.61,20,1192,0.0235,141.49,
CPLEX,UNIFORME,MEDIUM,,500,1000,1.57,19,1177,0.023,166.49,
HEURISTICA,UNIFORME,MEDIUM,,500,1000,1.78,17,1395,0.0606,0.337,
HEURISTICA,UNIFORME,MEDIUM,,500,1000,2.46,7,2230,0.1127,0.286,
HEURISTICA,UNIFORME,MEDIUM,,500,1000,3.17,5,2724,0.4494,0.275,
HEURISTICA,UNIFORME,MEDIUM,,500,1000,1.77,17,1392,0.0538,0.352,
HEURISTICA,UNIFORME,MEDIUM,,500,1000,1.74,16,1368,0.0625,0.351,
CPLEX,UNIFORME,MEDIUM,,500,2000,0.85,13,2847,0.0578,4581.71,
CPLEX,UNIFORME,MEDIUM,,500,2000,0.85,14,2747,0.0553,5401,TO
CPLEX,UNIFORME,MEDIUM,,500,2000,0.83,13,2774,0.0458,1119.6,
CPLEX,UNIFORME,MEDIUM,,500,2000,0.87,16,2671,0.0375,5402,TO
CPLEX,UNIFORME,MEDIUM,,500,2000,0.85,13,2867,0.0586,895.66,
HEURISTICA,UNIFORME,MEDIUM,,500,2000,0.91,18,2675,0.0966,1.21,
HEURISTICA,UNIFORME,MEDIUM,,500,2000,0.91,15,2960,0.1088,1.19,
HEURISTICA,UNIFORME,MEDIUM,,500,2000,0.91,16,2853,0.1086,1.19,
HEURISTICA,UNIFORME,MEDIUM,,500,2000,1.17,5,4925,0.5471,0.927,
HEURISTICA,UNIFORME,MEDIUM,,500,2000,1.33,4,5631,0.7735,0.854,
HEURISTICA,UNIFORME,MEDIUM,,500,3000,1.22,17,4232,0.1841,2.83,
HEURISTICA,UNIFORME,MEDIUM,,500,3000,1.54,7,67443,0.3577,2.03,
HEURISTICA,UNIFORME,MEDIUM,,500,3000,1.2,15,4408,0.1496,2.72,
HEURISTICA,UNIFORME,MEDIUM,,500,3000,1.23,19,4124,0.1787,2.64,
HEURISTICA,UNIFORME,MEDIUM,,500,3000,1.65,6,7161,0.6312,2.12,
HEURISTICA,UNIFORME,MEDIUM,,500,4000,1.88,7,8313,0.4704,3.88,
HEURISTICA,UNIFORME,MEDIUM,,500,4000,1.45,14,5680,0.2117,5.18,
HEURISTICA,UNIFORME,MEDIUM,,500,4000,1.5,20,5299,0.2384,4.22,
HEURISTICA,UNIFORME,MEDIUM,,500,4000,1.47,20,5228,0.1444,4.95,
HEURISTICA,UNIFORME,MEDIUM,,500,4000,2.12,6,9350,0.8672,3.93,
HEURISTICA,UNIFORME,MEDIUM,,500,5000,2.15,7,9712,0.4567,6.66,
HEURISTICA,UNIFORME,MEDIUM,,500,5000,2.17,9,9601,0.4512,6.36,
HEURISTICA,UNIFORME,MEDIUM,,500,5000,1.81,18,6991,0.3158,6.8,
HEURISTICA,UNIFORME,MEDIUM,,500,5000,1.82,18,7104,0.2678,7.96,
HEURISTICA,UNIFORME,MEDIUM,,500,5000,1.85,20,6965,0.3496,7.21,
HEURISTICA,UNIFORME,MEDIUM,,500,6000,2.07,19,8158,0.3588,10.65,
HEURISTICA,UNIFORME,MEDIUM,,500,6000,2.04,19,8052,0.304,11.74,
HEURISTICA,UNIFORME,MEDIUM,,500,6000,2.08,16,8521,0.3442,10.9,
HEURISTICA,UNIFORME,MEDIUM,,500,6000,2.5,8,11323,0.5097,9.38,
HEURISTICA,UNIFORME,MEDIUM,,500,6000,2.06,19,8155,0.322,11.79,
HEURISTICA,UNIFORME,MEDIUM,,500,7000,2.28,18,9366,0.312,17.06,
HEURISTICA,UNIFORME,MEDIUM,,500,7000,2.37,19,9550,0.4905,17.49,
HEURISTICA,UNIFORME,MEDIUM,,500,7000,2.35,20,9311,0.5654,15.56,
HEURISTICA,UNIFORME,MEDIUM,,500,7000,2.99,11,13425,0.5596,13.83,
HEURISTICA,UNIFORME,MEDIUM,,500,7000,2.31,18,9417,0.4259,16.79,
HEURISTICA,UNIFORME,MEDIUM,,500,8000,3.12,10,14107,0.6529,15.41,
HEURISTICA,UNIFORME,MEDIUM,,500,8000,2.61,23,10440,0.3733,21.79,
HEURISTICA,UNIFORME,MEDIUM,,500,8000,2.65,18,11034,0.5443,23.87,
HEURISTICA,UNIFORME,MEDIUM,,500,8000,2.59,17,10935,0.4244,22.98,
HEURISTICA,UNIFORME,MEDIUM,,500,8000,3.45,8,15755,0.9,17.94,
HEURISTICA,UNIFORME,MEDIUM,,500,9000,2.88,18,12292,0.4282,30.08,
HEURISTICA,UNIFORME,MEDIUM,,500,9000,3,15,13022,0.6113,30.83,
HEURISTICA,UNIFORME,MEDIUM,,500,9000,4,8,18617,0.7952,23.65,
HEURISTICA,UNIFORME,MEDIUM,,500,9000,2.89,21,11989,0.4804,29.72,
HEURISTICA,UNIFORME,MEDIUM,,500,9000,3,18,12740,0.6328,30.14,
HEURISTICA,UNIFORME,MEDIUM,,500,10000,3.2,19,13737,0.4559,37.76,
HEURISTICA,UNIFORME,MEDIUM,,500,10000,3.13,19,13340,0.5127,37.48,
HEURISTICA,UNIFORME,MEDIUM,,500,10000,3,21,12637,0.323,36.04,
HEURISTICA,UNIFORME,MEDIUM,,500,10000,3.34,18,14363,0.69,36.06,
HEURISTICA,UNIFORME,MEDIUM,,500,10000,4.13,8,19232,0.8205,30.5,
HEURISTICA,UNIFORME,MEDIUM,,500,11000,3.4,20,14522,0.6381,41.5,
HEURISTICA,UNIFORME,MEDIUM,,500,11000,4.7,9,21854,0.9456,33.82,
HEURISTICA,UNIFORME,MEDIUM,,500,11000,3.42,20,14704,0.5418,45.87,
HEURISTICA,UNIFORME,MEDIUM,,500,11000,4.07,10,18755,0.7537,38.58,
HEURISTICA,UNIFORME,MEDIUM,,500,11000,3.54,19,15278,0.6884,44.69,
HEURISTICA,UNIFORME,MEDIUM,,500,12500,2.62,11,23267,0.9218,50.75,
HEURISTICA,UNIFORME,MEDIUM,,500,12500,2.12,23,16314,0.3799,55.57,
HEURISTICA,UNIFORME,MEDIUM,,500,12500,2.14,21,16762,0.5458,65.06,
HEURISTICA,UNIFORME,MEDIUM,,500,12500,2.56,10,23033,0.765,53.7,
HEURISTICA,UNIFORME,MEDIUM,,500,12500,2.7,9,24452,1,51.66,
HEURISTICA,UNIFORME,MEDIUM,,500,14000,2.34,21,18640,0.6762,85.37,
HEURISTICA,UNIFORME,MEDIUM,,500,14000,2.78,9,25265,1,69.66,
HEURISTICA,UNIFORME,MEDIUM,,500,14000,2.28,21,18383,0.4742,76.44,
HEURISTICA,UNIFORME,MEDIUM,,500,14000,2.82,10,25415,1,69.63,
HEURISTICA,UNIFORME,MEDIUM,,500,14000,2.26,19,18383,0.588,82.16,
HEURISTICA,UNIFORME,MEDIUM,,500,15500,2.6,21,21269,0.6551,107.13,
HEURISTICA,UNIFORME,MEDIUM,,500,15500,2.4,19,19848,0.4912,104.01,
HEURISTICA,UNIFORME,MEDIUM,,500,15500,3.09,15,27294,0.8395,89.28,
HEURISTICA,UNIFORME,MEDIUM,,500,15500,2.51,24,19790,0.6108,97.13,
HEURISTICA,UNIFORME,MEDIUM,,500,15500,2.55,22,20432,0.8168,111.37,
HEURISTICA,UNIFORME,MEDIUM,,500,17000,2.87,21,23891,0.764,128.07,
HEURISTICA,UNIFORME,MEDIUM,,500,17000,2.56,24,20485,0.4342,132.43,
HEURISTICA,UNIFORME,MEDIUM,,500,17000,2.55,21,21003,0.3779,135.71,
HEURISTICA,UNIFORME,MEDIUM,,500,17000,2.77,22,22692,0.8253,134.38,
HEURISTICA,UNIFORME,MEDIUM,,500,17000,3.21,13,28851,0.8333,113.82,
HEURISTICA,UNIFORME,MEDIUM,,500,18500,2.8,24,22885,0.4392,164.81,
HEURISTICA,UNIFORME,MEDIUM,,500,18500,2.85,21,23888,0.5195,172.21,
HEURISTICA,UNIFORME,MEDIUM,,500,18500,2.82,23,23199,0.5643,165.31,
HEURISTICA,UNIFORME,MEDIUM,,500,18500,2.78,23,22861,0.3841,163.52,
HEURISTICA,UNIFORME,MEDIUM,,500,18500,2.96,23,24452,0.7755,163.25,
HEURISTICA,UNIFORME,MEDIUM,,500,20000,3.1,21,26348,0.5568,185.07,
HEURISTICA,UNIFORME,MEDIUM,,500,20000,3.02,25,24753,0.5983,209.28,
HEURISTICA,UNIFORME,MEDIUM,,500,20000,2.97,21,25167,0.4847,202.57,
HEURISTICA,UNIFORME,MEDIUM,,500,20000,3.15,21,26580,0.8866,195.99,
HEURISTICA,UNIFORME,MEDIUM,,500,20000,4.16,13,38199,1,153.73,
CPLEX,CLOUD,MEDIUM,,1000,4000,5.23,26,4612,0.1276,2386.56,
CPLEX,CLOUD,MEDIUM,,1000,4000,6.09,23,5560,0.0947,1581.19,
CPLEX,CLOUD,MEDIUM,,1000,4000,5.59,31,4903,0.0809,1331.62,
CPLEX,CLOUD,MEDIUM,,1000,4000,5.54,27,4926,0.0939,2016.15,
CPLEX,CLOUD,MEDIUM,,1000,4000,5.54,30,4892,0.0626,2058.21,
HEURISTICA,CLOUD,MEDIUM,,1000,4000,6.51,13,6111,0.175,3.64,
HEURISTICA,CLOUD,MEDIUM,,1000,4000,10.37,4,9708,0.745,2.71,
HEURISTICA,CLOUD,MEDIUM,,1000,4000,8.07,12,7515,0.4034,3.66,
HEURISTICA,CLOUD,MEDIUM,,1000,4000,7.45,12,6946,0.3391,3.71,
HEURISTICA,CLOUD,MEDIUM,,1000,4000,8.46,11,7990,0.3186,3.87,
HEURISTICA,CLOUD,MEDIUM,,1000,6000,2.27,14,9574,0.4785,9.9,
HEURISTICA,CLOUD,MEDIUM,,1000,6000,2.34,14,9933,0.4764,9.22,
HEURISTICA,CLOUD,MEDIUM,,1000,6000,2.4,9,10780,0.4322,9.41,
HEURISTICA,CLOUD,MEDIUM,,1000,6000,2.24,12,9615,0.4925,8.9,
HEURISTICA,CLOUD,MEDIUM,,1000,6000,2.38,12,10226,0.58,9.32,
HEURISTICA,CLOUD,MEDIUM,,1000,8000,1.77,15,14363,0.4499,16.93,
HEURISTICA,CLOUD,MEDIUM,,1000,8000,1.71,13,14094,0.572,19.58,
HEURISTICA,CLOUD,MEDIUM,,1000,8000,1.65,12,13641,0.6003,18.94,
HEURISTICA,CLOUD,MEDIUM,,1000,8000,1.64,15,12052,0.4449,14.625,
HEURISTICA,CLOUD,MEDIUM,,1000,8000,1.54,12,12374,0.8085,18.15,
HEURISTICA,CLOUD,MEDIUM,,1000,10000,1.1,14,15751,0.7842,29.66,
HEURISTICA,CLOUD,MEDIUM,,1000,10000,1.16,11,18734,0.6743,31.2,
HEURISTICA,CLOUD,MEDIUM,,1000,10000,1.21,19,16235,0.5856,33.25,
HEURISTICA,CLOUD,MEDIUM,,1000,10000,1.15,19,14977,0.5593,27.32,
HEURISTICA,CLOUD,MEDIUM,,1000,10000,1.21,16,17008,0.8896,38.31,
HEURISTICA,CLOUD,MEDIUM,,1000,15000,1.63,18,24980,0.6594,87.09,
HEURISTICA,CLOUD,MEDIUM,,1000,15000,1.8,9,31592,1,63.12,
HEURISTICA,CLOUD,MEDIUM,,1000,15000,1.72,21,25541,0.7194,77.14,
HEURISTICA,CLOUD,MEDIUM,,1000,15000,1.44,13,22934,0.8058,80.53,
HEURISTICA,CLOUD,MEDIUM,,1000,15000,1.58,17,24181,0.758,82.69,
HEURISTICA,CLOUD,MEDIUM,,1000,20000,1.92,18,30581,0.7762,174.38,
HEURISTICA,CLOUD,MEDIUM,,1000,20000,2.04,22,31474,0.8203,170.56,
HEURISTICA,CLOUD,MEDIUM,,1000,20000,1.7,17,26511,1,151.63,
HEURISTICA,CLOUD,MEDIUM,,1000,20000,1.92,20,29701,0.8553,126.48,
HEURISTICA,CLOUD,MEDIUM,,1000,20000,2.03,19,32448,0.8093,147.36,
HEURISTICA,CLOUD,MEDIUM,,1000,25000,2.32,25,37682,0.9653,286.49,
HEURISTICA,CLOUD,MEDIUM,,1000,25000,2.34,25,36089,1,246.2,
HEURISTICA,CLOUD,MEDIUM,,1000,25000,2.31,20,37542,0.9292,287.83,
HEURISTICA,CLOUD,MEDIUM,,1000,25000,2.29,17,38196,1,290.46,
HEURISTICA,CLOUD,MEDIUM,,1000,25000,2.33,24,36372,0.8373,293.23,
HEURISTICA,CLOUD,MEDIUM,,1000,30000,2.65,25,42312,1,395.24,
HEURISTICA,CLOUD,MEDIUM,,1000,30000,2.71,26,43045,0.9522,453.14,
HEURISTICA,CLOUD,MEDIUM,,1000,30000,2.71,21,44961,1,453.48,
HEURISTICA,CLOUD,MEDIUM,,1000,30000,2.68,20,44915,1,452.29,
HEURISTICA,CLOUD,MEDIUM,,1000,30000,2.62,28,40326,1,454.36,
HEURISTICA,CLOUD,MEDIUM,,1000,35000,2.84,22,47193,1,673.45,
HEURISTICA,CLOUD,MEDIUM,,1000,35000,2.97,25,48668,1,691.32,
HEURISTICA,CLOUD,MEDIUM,,1000,35000,2.88,21,48382,1,676.67,
HEURISTICA,CLOUD,MEDIUM,,1000,35000,3.07,26,50223,1,704.6,
HEURISTICA,CLOUD,MEDIUM,,1000,35000,2.88,24,47323,1,666.1,
HEURISTICA,CLOUD,MEDIUM,,1000,40000,3.32,27,54897,1,930.52,
HEURISTICA,CLOUD,MEDIUM,,1000,40000,3.38,24,57166,1,944.6,
HEURISTICA,CLOUD,MEDIUM,,1000,40000,3.54,29,58491,1,828.71,
HEURISTICA,CLOUD,MEDIUM,,1000,40000,3.52,23,60375,1,990.66,
HEURISTICA,CLOUD,MEDIUM,,1000,40000,4.14,15,76120,1,695.49,
CPLEX,UNIFORME,MEDIUM,,1000,4000,7.87,40,7035,0.0536,957.96,
CPLEX,UNIFORME,MEDIUM,,1000,4000,8.01,43,7109,0.0501,1050.45,
CPLEX,UNIFORME,MEDIUM,,1000,4000,7.85,40,7001,0.0633,1178.33,
CPLEX,UNIFORME,MEDIUM,,1000,4000,8.35,37,7567,0.0578,1169.64,
CPLEX,UNIFORME,MEDIUM,,1000,4000,8.33,40,7480,0.0701,976.45,
HEURISTICA,UNIFORME,MEDIUM,,1000,4000,10.65,22,9924,0.3647,4.6,
HEURISTICA,UNIFORME,MEDIUM,,1000,4000,16.15,9,15244,0.9325,3.1,
HEURISTICA,UNIFORME,MEDIUM,,1000,4000,11.18,17,10495,0.4468,4.32,
HEURISTICA,UNIFORME,MEDIUM,,1000,4000,11.9,14,10997,0.7945,4.37,
HEURISTICA,UNIFORME,MEDIUM,,1000,4000,16.06,9,15383,0.6357,3.31,
HEURISTICA,UNIFORME,MEDIUM,,1000,6000,3.34,27,13689,0.4283,10.18,
HEURISTICA,UNIFORME,MEDIUM,,1000,6000,4.45,17,15097,0.5876,11.25,
HEURISTICA,UNIFORME,MEDIUM,,1000,6000,3.37,20,14588,0.3817,11.67,
HEURISTICA,UNIFORME,MEDIUM,,1000,6000,3.35,24,14006,0.4434,11.81,
HEURISTICA,UNIFORME,MEDIUM,,1000,6000,3.48,21,14789,0.6457,9.77,
HEURISTICA,UNIFORME,MEDIUM,,1000,8000,2.45,21,19820,0.5876,23.22,
HEURISTICA,UNIFORME,MEDIUM,,1000,8000,2.42,23,19147,0.534,19.09,
HEURISTICA,UNIFORME,MEDIUM,,1000,8000,2.88,12,25766,0.8511,18.17,
HEURISTICA,UNIFORME,MEDIUM,,1000,8000,2.34,20,18974,0.529,23.05,
HEURISTICA,UNIFORME,MEDIUM,,1000,8000,2.38,23,18878,0.489,19.37,
HEURISTICA,UNIFORME,MEDIUM,,1000,10000,1.68,25,23123,0.6628,35.44,
HEURISTICA,UNIFORME,MEDIUM,,1000,10000,1.6,21,23098,0.5355,39.13,
HEURISTICA,UNIFORME,MEDIUM,,1000,10000,1.71,21,25160,0.8036,39.05,
HEURISTICA,UNIFORME,MEDIUM,,1000,10000,1.69,24,23697,0.6638,31.15,
HEURISTICA,UNIFORME,MEDIUM,,1000,10000,1.64,23,23150,0.6112,37.79,
HEURISTICA,UNIFORME,MEDIUM,,1000,15000,2.14,27,31746,0.4674,106.8,
HEURISTICA,UNIFORME,MEDIUM,,1000,15000,2.32,28,34717,0.6597,108.94,
HEURISTICA,UNIFORME,MEDIUM,,1000,15000,2.28,22,36101,0.7816,103.84,
HEURISTICA,UNIFORME,MEDIUM,,1000,15000,2.3,23,36152,0.7398,106.49,
HEURISTICA,UNIFORME,MEDIUM,,1000,15000,2.24,25,34193,0.6888,94.72,
HEURISTICA,UNIFORME,MEDIUM,,1000,20000,2.84,33,43125,0.6962,191.16,
HEURISTICA,UNIFORME,MEDIUM,,1000,20000,2.76,30,42581,0.7597,217.3,
HEURISTICA,UNIFORME,MEDIUM,,1000,20000,2.76,30,42463,0.8656,182.09,
HEURISTICA,UNIFORME,MEDIUM,,1000,20000,2.8,28,44281,0.6317,213.32,
HEURISTICA,UNIFORME,MEDIUM,,1000,20000,2.67,33,39782,0.6979,205.7,
HEURISTICA,UNIFORME,MEDIUM,,1000,25000,3.25,34,50887,0.7714,340.31,
HEURISTICA,UNIFORME,MEDIUM,,1000,25000,3.14,27,51509,0.7283,371.01,
HEURISTICA,UNIFORME,MEDIUM,,1000,25000,3.34,32,53242,0.8518,369.62,
HEURISTICA,UNIFORME,MEDIUM,,1000,25000,3.34,29,54443,0.9176,367.34,
HEURISTICA,UNIFORME,MEDIUM,,1000,25000,3.24,30,52163,0.7208,374.03,
HEURISTICA,UNIFORME,MEDIUM,,1000,30000,3.76,30,62569,0.8386,597.36,
HEURISTICA,UNIFORME,MEDIUM,,1000,30000,3.62,32,59125,0.6739,588.82,
HEURISTICA,UNIFORME,MEDIUM,,1000,30000,3.67,34,59113,0.819,600.82,
HEURISTICA,UNIFORME,MEDIUM,,1000,30000,3.62,32,62874,0.8179,594.66,
HEURISTICA,UNIFORME,MEDIUM,,1000,30000,3.82,34,62110,0.831,574.43,
HEURISTICA,UNIFORME,MEDIUM,,1000,35000,4.06,39,64935,0.7266,861.2,
HEURISTICA,UNIFORME,MEDIUM,,1000,35000,4.14,37,67398,0.9034,857.48,
HEURISTICA,UNIFORME,MEDIUM,,1000,35000,4.04,43,62893,0.8681,777.91,
HEURISTICA,UNIFORME,MEDIUM,,1000,35000,4.11,35,67473,0.9517,861.85,
HEURISTICA,UNIFORME,MEDIUM,,1000,35000,4.19,33,69798,0.9802,837.41,
HEURISTICA,UNIFORME,MEDIUM,,1000,40000,4.79,38,79896,1,1086.24,
HEURISTICA,UNIFORME,MEDIUM,,1000,40000,4.54,44,72540,0.8078,1094.05,
HEURISTICA,UNIFORME,MEDIUM,,1000,40000,4.51,36,75038,0.9994,1177.77,
HEURISTICA,UNIFORME,MEDIUM,,1000,40000,4.64,39,76518,1,1183.64,
HEURISTICA,UNIFORME,MEDIUM,,1000,40000,4.7,39,77643,0.9123,1032.91,
CPLEX,CLOUD,SOFT,SI,100,20,7.52,3,86,0.0058,0.28,
CPLEX,CLOUD,SOFT,SI,100,20,10.02,5,102,0.004,0.14,
CPLEX,CLOUD,SOFT,SI,100,20,9.12,3,119,0.0045,0.18,
CPLEX,CLOUD,SOFT,SI,100,20,8.18,3,100,0.0045,0.2,
CPLEX,CLOUD,SOFT,SI,100,20,7.6,3,88,0.005,0.17,
CPLEX,CLOUD,SOFT,NO,100,20,2.12,1,20,0.003,1.15,
CPLEX,CLOUD,SOFT,NO,100,20,2.16,1,20,0.0041,1.36,
CPLEX,CLOUD,SOFT,NO,100,20,2.11,1,20,0.0028,1.34,
CPLEX,CLOUD,SOFT,NO,100,20,2.16,1,20,0.004,0.92,
CPLEX,CLOUD,SOFT,NO,100,20,2.13,1,20,0.0033,1.44,
HEURISTICA,CLOUD,SOFT,SI,100,20,9.05,4,96,0.0065,0.001,
HEURISTICA,CLOUD,SOFT,SI,100,20,11.61,5,128,0.0055,0.001,
HEURISTICA,CLOUD,SOFT,SI,100,20,9.98,4,113,0.0085,0.001,
HEURISTICA,CLOUD,SOFT,SI,100,20,8.55,3,108,0.004,0.001,
HEURISTICA,CLOUD,SOFT,SI,100,20,8.44,4,86,0.0035,0.001,
HEURISTICA,CLOUD,SOFT,NO,100,20,2.12,1,20,0.003,0.004,
HEURISTICA,CLOUD,SOFT,NO,100,20,2.16,1,20,0.0041,0.004,
HEURISTICA,CLOUD,SOFT,NO,100,20,2.11,1,20,0.0028,0.004,
HEURISTICA,CLOUD,SOFT,NO,100,20,2.16,1,20,0.004,0.003,
HEURISTICA,CLOUD,SOFT,NO,100,20,2.13,1,20,0.0033,0.004,
CPLEX,CLOUD,SOFT,SI,100,50,9,3,292,0.1,0.97,
CPLEX,CLOUD,SOFT,SI,100,50,9.73,4,277,0.012,1.12,
CPLEX,CLOUD,SOFT,SI,100,50,8.49,4,220,0.0058,0.97,
CPLEX,CLOUD,SOFT,SI,100,50,8.45,4,219,0.0045,0.91,
CPLEX,CLOUD,SOFT,SI,100,50,9.11,4,248,0.0095,0.98,
CPLEX,CLOUD,SOFT,NO,100,50,2.14,1,50,0.0088,6.34,
CPLEX,CLOUD,SOFT,NO,100,50,2.14,1,50,0.0089,5.47,
CPLEX,CLOUD,SOFT,NO,100,50,2.14,1,50,0.0091,8.73,
CPLEX,CLOUD,SOFT,NO,100,50,2.14,1,50,0.009,9.09,
CPLEX,CLOUD,SOFT,NO,100,50,2.17,1,50,0.109,4.81,
HEURISTICA,CLOUD,SOFT,SI,100,50,10.92,6,240,0.0075,0.004,
HEURISTICA,CLOUD,SOFT,SI,100,50,10.73,4,316,0.0266,0.004,
HEURISTICA,CLOUD,SOFT,SI,100,50,9.35,4,258,0.012,0.004,
HEURISTICA,CLOUD,SOFT,SI,100,50,11.58,2,459,0.0256,0.004,
HEURISTICA,CLOUD,SOFT,SI,100,50,10.14,4,295,0.0155,0.005,
HEURISTICA,CLOUD,SOFT,NO,100,50,2.14,1,50,0.0088,0.013,
HEURISTICA,CLOUD,SOFT,NO,100,50,2.14,1,50,0.0089,0.013,
HEURISTICA,CLOUD,SOFT,NO,100,50,2.14,1,50,0.0091,0.013,
HEURISTICA,CLOUD,SOFT,NO,100,50,2.14,1,50,0.009,0.013,
HEURISTICA,CLOUD,SOFT,NO,100,50,2.17,1,50,0.0109,0.013,
CPLEX,CLOUD,SOFT,SI,100,100,9.78,4,560,0.0225,4.33,
CPLEX,CLOUD,SOFT,SI,100,100,9.89,4,569,0.026,2.16,
CPLEX,CLOUD,SOFT,SI,100,100,9.2,4,592,0.0356,2.52,
CPLEX,CLOUD,SOFT,SI,100,100,9.65,4,551,0.0175,2.5,
CPLEX,CLOUD,SOFT,SI,100,100,10.78,5,567,0.0145,2.7,
CPLEX,CLOUD,SOFT,NO,100,100,2.14,1,100,0.0186,27.59,
CPLEX,CLOUD,SOFT,NO,100,100,2.14,1,100,0.0181,36.74,
CPLEX,CLOUD,SOFT,NO,100,100,2.16,1,100,0.0206,31.86,
CPLEX,CLOUD,SOFT,NO,100,100,2.15,1,100,0.0188,43.62,
CPLEX,CLOUD,SOFT,NO,100,100,2.16,1,101,0.0187,17.38,
HEURISTICA,CLOUD,SOFT,SI,100,100,12.65,8,450,0.019,0.009,
HEURISTICA,CLOUD,SOFT,SI,100,100,11.63,7,453,0.013,0.09,
HEURISTICA,CLOUD,SOFT,SI,100,100,11.06,5,579,0.0351,0.01,
HEURISTICA,CLOUD,SOFT,SI,100,100,12.09,6,577,0.0416,0.009,
HEURISTICA,CLOUD,SOFT,SI,100,100,12.88,4,860,0.0371,0.009,
HEURISTICA,CLOUD,SOFT,NO,100,100,2.14,1,100,0.0186,0.025,
HEURISTICA,CLOUD,SOFT,NO,100,100,2.14,1,100,0.0181,0.026,
HEURISTICA,CLOUD,SOFT,NO,100,100,2.16,1,100,0.0206,0.026,
HEURISTICA,CLOUD,SOFT,NO,100,100,2.15,1,100,0.0188,0.026,
HEURISTICA,CLOUD,SOFT,NO,100,100,2.16,1,101,0.0188,0.026,
CPLEX,CLOUD,SOFT,SI,100,150,10.48,5,801,0.0215,3.54,
CPLEX,CLOUD,SOFT,SI,100,150,8.3,3,774,0.0215,4.91,
CPLEX,CLOUD,SOFT,SI,100,150,10.39,5,783,0.0286,4.51,
CPLEX,CLOUD,SOFT,SI,100,150,9.24,3,897,0.0446,6.19,
CPLEX,CLOUD,SOFT,SI,100,150,9.74,4,823,0.0426,5.86,
CPLEX,CLOUD,SOFT,NO,100,150,2.15,1,150,0.0286,52.29,
CPLEX,CLOUD,SOFT,NO,100,150,2.15,1,150,0.0287,84.85,
CPLEX,CLOUD,SOFT,NO,100,150,2.15,1,150,0.0287,53.95,
CPLEX,CLOUD,SOFT,NO,100,150,2.16,1,150,0.0293,51.49,
CPLEX,CLOUD,SOFT,NO,100,150,2.16,1,150,0.0292,77.41,
HEURISTICA,CLOUD,SOFT,SI,100,150,11.56,4,1085,0.0556,0.013,
HEURISTICA,CLOUD,SOFT,SI,100,150,10.33,5,756,0.0506,0.016,
HEURISTICA,CLOUD,SOFT,SI,100,150,12.42,7,789,0.0256,0.013,
HEURISTICA,CLOUD,SOFT,SI,100,150,13.44,2,1601,0.1376,0.012,
HEURISTICA,CLOUD,SOFT,SI,100,150,10.8,3,1120,0.0561,0.014,
HEURISTICA,CLOUD,SOFT,NO,100,150,2.15,1,150,0.0286,0.041,
HEURISTICA,CLOUD,SOFT,NO,100,150,2.15,1,150,0.0287,0.041,
HEURISTICA,CLOUD,SOFT,NO,100,150,2.15,1,150,0.0287,0.041,
HEURISTICA,CLOUD,SOFT,NO,100,150,2.16,1,150,0.0293,0.04,
HEURISTICA,CLOUD,SOFT,NO,100,150,2.16,1,150,0.0291,0.041,
CPLEX,CLOUD,SOFT,SI,100,200,10.3,4,1224,0.0466,5.34,
CPLEX,CLOUD,SOFT,SI,100,200,10.1,4,1175,0.0581,5.77,
CPLEX,CLOUD,SOFT,SI,100,200,8.99,3,1159,0.0506,13.62,
CPLEX,CLOUD,SOFT,SI,100,200,8.4,3,1048,0.0426,0.027,
CPLEX,CLOUD,SOFT,SI,100,200,9.47,4,1065,0.0376,0.059,
CPLEX,CLOUD,SOFT,NO,100,200,2.14,1,200,0.0364,62.22,
CPLEX,CLOUD,SOFT,NO,100,200,2.15,1,200,0.0381,127.63,
CPLEX,CLOUD,SOFT,NO,100,200,2.15,1,200,0.0377,119.62,
CPLEX,CLOUD,SOFT,NO,100,200,2.15,1,200,0.0388,84.97,
CPLEX,CLOUD,SOFT,NO,100,200,2.15,1,200,0.0388,108.46,
HEURISTICA,CLOUD,SOFT,SI,100,200,12.37,4,1623,0.0653,0.019,
HEURISTICA,CLOUD,SOFT,SI,100,200,13.26,8,1017,0.0461,0.019,
HEURISTICA,CLOUD,SOFT,SI,100,200,10.14,3,1367,0.0796,0.02,
HEURISTICA,CLOUD,SOFT,SI,100,200,11.57,7,881,0.0426,0.021,
HEURISTICA,CLOUD,SOFT,SI,100,200,11.8,3,1657,0.1315,0.027,
HEURISTICA,CLOUD,SOFT,NO,100,200,2.14,1,200,0.0364,0.052,
HEURISTICA,CLOUD,SOFT,NO,100,200,2.15,1,200,0.0381,0.055,
HEURISTICA,CLOUD,SOFT,NO,100,200,2.15,1,200,0.0377,0.056,
HEURISTICA,CLOUD,SOFT,NO,100,200,2.15,1,200,0.0388,0.055,
HEURISTICA,CLOUD,SOFT,NO,100,200,2.15,1,200,0.0388,0.055,
CPLEX,CLOUD,SOFT,SI,100,500,9.81,4,2838,0.0857,44.66,
CPLEX,CLOUD,SOFT,SI,100,500,9.56,4,2707,0.0927,45.98,
CPLEX,CLOUD,SOFT,SI,100,500,8.7,3,2760,0.1177,138.49,
CPLEX,CLOUD,SOFT,SI,100,500,9.51,3,3145,0.1433,210.87,
CPLEX,CLOUD,SOFT,SI,100,500,9.98,4,2914,0.1017,83.76,
CPLEX,CLOUD,SOFT,NO,100,500,2.14,1,500,0.0933,1543.16,
CPLEX,CLOUD,SOFT,NO,100,500,2.15,1,500,0.0968,1445.84,
CPLEX,CLOUD,SOFT,NO,100,500,2.15,1,500,0.0946,1074.75,
CPLEX,CLOUD,SOFT,NO,100,500,2.15,1,500,0.0946,1095.36,
CPLEX,CLOUD,SOFT,NO,100,500,2.15,1,500,0.0946,1086.23,
HEURISTICA,CLOUD,SOFT,SI,100,500,11.8,5,3292,0.1367,0.059,
HEURISTICA,CLOUD,SOFT,SI,100,500,11.82,3,4151,0.3353,0.08,
HEURISTICA,CLOUD,SOFT,SI,100,500,9.19,2,3404,0.2485,0.082,
HEURISTICA,CLOUD,SOFT,SI,100,500,10.66,3,3653,0.2274,0.08,
HEURISTICA,CLOUD,SOFT,SI,100,500,12.2,4,3983,0.1536,0.078,
HEURISTICA,CLOUD,SOFT,NO,100,500,2.14,1,500,0.0933,0.198,
HEURISTICA,CLOUD,SOFT,NO,100,500,2.15,1,500,0.0968,0.199,
HEURISTICA,CLOUD,SOFT,NO,100,500,2.15,1,500,0.0946,0.182,
HEURISTICA,CLOUD,SOFT,NO,100,500,2.15,1,500,0.094,0.199,
HEURISTICA,CLOUD,SOFT,NO,100,500,2.15,1,500,0.0946,0.199,
HEURISTICA,UNIFORME,SOFT,NO,100,20,2.15,1,20,0.004,0.003,
HEURISTICA,UNIFORME,SOFT,NO,100,20,2.21,1,20,0.0041,0.003,
HEURISTICA,UNIFORME,SOFT,NO,100,20,2.16,1,20,0.0041,0.003,
HEURISTICA,UNIFORME,SOFT,NO,100,20,2.16,1,21,0.0029,0.003,
HEURISTICA,UNIFORME,SOFT,NO,100,20,2.22,1,22,0.003,0.003,
HEURISTICA,UNIFORME,SOFT,NO,100,50,2.16,1,51,0.0092,0.012,
HEURISTICA,UNIFORME,SOFT,NO,100,50,2.2,1,52,0.0104,0.012,
HEURISTICA,UNIFORME,SOFT,NO,100,50,2.16,1,51,0.0087,0.012,
HEURISTICA,UNIFORME,SOFT,NO,100,50,2.17,1,51,0.0096,0.013,
HEURISTICA,UNIFORME,SOFT,NO,100,50,2.17,1,51,0.0095,0.013,
HEURISTICA,UNIFORME,SOFT,NO,100,100,2.21,1,114,0.0165,0.024,
HEURISTICA,UNIFORME,SOFT,NO,100,100,2.18,1,104,0.0178,0.025,
HEURISTICA,UNIFORME,SOFT,NO,100,100,2.19,1,104,0.0189,0.025,
HEURISTICA,UNIFORME,SOFT,NO,100,100,2.16,1,102,0.0187,0.026,
HEURISTICA,UNIFORME,SOFT,NO,100,100,2.17,1,103,0.0181,0.024,
HEURISTICA,UNIFORME,SOFT,NO,100,150,2.21,1,162,0.0269,0.039,
HEURISTICA,UNIFORME,SOFT,NO,100,150,2.17,1,155,0.0255,0.039,
HEURISTICA,UNIFORME,SOFT,NO,100,150,2.17,1,159,0.0272,0.039,
HEURISTICA,UNIFORME,SOFT,NO,100,150,2.19,1,156,0.0275,0.042,
HEURISTICA,UNIFORME,SOFT,NO,100,150,2.16,1,153,0.0269,0.04,
HEURISTICA,UNIFORME,SOFT,NO,100,200,2.16,1,205,0.0343,0.053,
HEURISTICA,UNIFORME,SOFT,NO,100,200,2.17,1,207,0.0344,0.054,
HEURISTICA,UNIFORME,SOFT,NO,100,200,2.17,1,206,0.0384,0.054,
HEURISTICA,UNIFORME,SOFT,NO,100,200,2.15,1,203,0.0359,0.052,
HEURISTICA,UNIFORME,SOFT,NO,100,200,2.18,1,209,0.0352,0.053,
HEURISTICA,UNIFORME,SOFT,NO,100,500,2.15,1,500,0.0943,0.198,
HEURISTICA,UNIFORME,SOFT,NO,100,500,2.15,1,500,0.0963,0.178,
HEURISTICA,UNIFORME,SOFT,NO,100,500,2.15,1,500,0.0955,0.192,
HEURISTICA,UNIFORME,SOFT,NO,100,500,2.14,1,500,0.0906,0.198,
HEURISTICA,UNIFORME,SOFT,NO,100,500,2.14,1,500,0.0913,0.199,
CPLEX,UNIFORME,SOFT,NO,100,20,2.15,1,20,0.004,0.76,
CPLEX,UNIFORME,SOFT,NO,100,20,2.21,1,20,0.0041,0.66,
CPLEX,UNIFORME,SOFT,NO,100,20,2.16,1,20,0.0041,0.5,
CPLEX,UNIFORME,SOFT,NO,100,20,2.16,1,21,0.0029,0.62,
CPLEX,UNIFORME,SOFT,NO,100,20,2.22,1,22,0.003,0.61,
CPLEX,UNIFORME,SOFT,NO,100,50,2.16,1,51,0.0092,3.2,
CPLEX,UNIFORME,SOFT,NO,100,50,2.2,1,52,0.0104,3.1,
CPLEX,UNIFORME,SOFT,NO,100,50,2.16,1,51,0.0087,3.13,
CPLEX,UNIFORME,SOFT,NO,100,50,2.17,1,51,0.0096,3.06,
CPLEX,UNIFORME,SOFT,NO,100,50,2.17,1,51,0.0095,3.52,
CPLEX,UNIFORME,SOFT,NO,100,100,2.21,1,107,0.0182,14.95,
CPLEX,UNIFORME,SOFT,NO,100,100,2.18,1,104,0.0178,17.6,
CPLEX,UNIFORME,SOFT,NO,100,100,2.19,1,104,0.0189,15.66,
CPLEX,UNIFORME,SOFT,NO,100,100,2.16,1,102,0.0187,15.27,
CPLEX,UNIFORME,SOFT,NO,100,100,2.17,1,103,0.0268,16.01,
CPLEX,UNIFORME,SOFT,NO,100,150,2.21,1,160,0.0268,34.9,
CPLEX,UNIFORME,SOFT,NO,100,150,2.17,1,159,0.0255,38.41,
CPLEX,UNIFORME,SOFT,NO,100,150,2.17,1,152,0.0289,41.91,
CPLEX,UNIFORME,SOFT,NO,100,150,2.19,1,156,0.0275,35.2,
CPLEX,UNIFORME,SOFT,NO,100,150,2.16,1,153,0.0269,42.72,
CPLEX,UNIFORME,SOFT,NO,100,200,2.16,1,205,0.0343,39.42,
CPLEX,UNIFORME,SOFT,NO,100,200,2.17,1,206,0.0384,30.91,
CPLEX,UNIFORME,SOFT,NO,100,200,2.17,1,203,0.0359,48.15,
CPLEX,UNIFORME,SOFT,NO,100,200,2.15,1,203,0.0359,38.83,
CPLEX,UNIFORME,SOFT,NO,100,200,2.18,1,209,0.0352,45.39,
CPLEX,UNIFORME,SOFT,NO,100,500,2.15,1,500,0.0943,1306.86,
CPLEX,UNIFORME,SOFT,NO,100,500,2.15,1,500,0.0963,663.52,
CPLEX,UNIFORME,SOFT,NO,100,500,2.15,1,500,0.0955,911.18,
CPLEX,UNIFORME,SOFT,NO,100,500,2.14,1,500,0.0906,1498.56,
CPLEX,UNIFORME,SOFT,NO,100,500,2.14,1,500,0.0913,1499.81,
HEURISTICA,UNIFORME,SOFT,SI,100,20,15.82,9,132,0.0055,0.001,
HEURISTICA,UNIFORME,SOFT,SI,100,20,15.1,9,117,0.0065,0.001,
HEURISTICA,UNIFORME,SOFT,SI,100,20,16.61,5,222,0.013,0.0005,
HEURISTICA,UNIFORME,SOFT,SI,100,20,15.89,10,114,0.0051,0.001,
HEURISTICA,UNIFORME,SOFT,SI,100,20,14.64,9,109,0.005,0.001,
HEURISTICA,UNIFORME,SOFT,SI,100,50,16.72,5,558,0.0361,0.002,
HEURISTICA,UNIFORME,SOFT,SI,100,50,17.25,4,635,0.0351,0.003,
HEURISTICA,UNIFORME,SOFT,SI,100,50,15.48,6,445,0.0372,0.003,
HEURISTICA,UNIFORME,SOFT,SI,100,50,17.85,5,612,0.0391,0.003,
HEURISTICA,UNIFORME,SOFT,SI,100,50,15.85,4,572,0.0261,0.003,
HEURISTICA,UNIFORME,SOFT,SI,100,100,16.98,6,1065,0.0421,0.008,
HEURISTICA,UNIFORME,SOFT,SI,100,100,17.2,5,1180,0.0512,0.006,
HEURISTICA,UNIFORME,SOFT,SI,100,100,16.3,4,1178,0.0662,0.007,
HEURISTICA,UNIFORME,SOFT,SI,100,100,17.01,6,1053,0.0612,0.007,
HEURISTICA,UNIFORME,SOFT,SI,100,100,15.73,5,1032,0.0532,0.008,
HEURISTICA,UNIFORME,SOFT,SI,100,150,16.92,6,1575,0.07,0.013,
HEURISTICA,UNIFORME,SOFT,SI,100,150,15.65,5,1548,0.0552,0.01,
HEURISTICA,UNIFORME,SOFT,SI,100,150,16.93,5,1722,0.0753,0.009,
HEURISTICA,UNIFORME,SOFT,SI,100,150,16.87,6,1559,0.0823,0.009,
HEURISTICA,UNIFORME,SOFT,SI,100,150,16.14,5,1621,0.0542,0.012,
HEURISTICA,UNIFORME,SOFT,SI,100,200,16.3,6,1997,0.0813,0.018,
HEURISTICA,UNIFORME,SOFT,SI,100,200,17.68,6,2234,0.1304,0.013,
HEURISTICA,UNIFORME,SOFT,SI,100,200,17.09,6,2158,0.0783,0.013,
HEURISTICA,UNIFORME,SOFT,SI,100,200,16.35,6,1998,0.0932,0.013,
HEURISTICA,UNIFORME,SOFT,SI,100,200,17.76,8,1899,0.0693,0.018,
HEURISTICA,UNIFORME,SOFT,SI,100,500,11.89,5,3292,0.1367,0.059,
HEURISTICA,UNIFORME,SOFT,SI,100,500,12.2,4,3983,0.1536,0.078,
HEURISTICA,UNIFORME,SOFT,SI,100,500,11.82,3,4151,0.3354,0.08,
HEURISTICA,UNIFORME,SOFT,SI,100,500,9.2,2,3404,0.2485,0.082,
HEURISTICA,UNIFORME,SOFT,SI,100,500,10.66,3,3653,0.2274,0.08,
CPLEX,UNIFORME,SOFT,SI,100,20,13.48,5,163,0.0085,0.11,
CPLEX,UNIFORME,SOFT,SI,100,20,13.48,5,163,0.0085,0.11,
CPLEX,UNIFORME,SOFT,SI,100,20,14.03,5,176,0.006,0.12,
CPLEX,UNIFORME,SOFT,SI,100,20,13.74,5,167,0.01,0.11,
CPLEX,UNIFORME,SOFT,SI,100,20,13.74,5,167,0.01,0.11,
CPLEX,UNIFORME,SOFT,SI,100,50,14.49,6,414,0.0135,0.61,
CPLEX,UNIFORME,SOFT,SI,100,50,13.93,5,438,0.011,0.57,
CPLEX,UNIFORME,SOFT,SI,100,50,14.18,6,403,0.008,0.71,
CPLEX,UNIFORME,SOFT,SI,100,50,14.41,7,363,0.0095,0.6,
CPLEX,UNIFORME,SOFT,SI,100,50,13.07,5,393,0.0135,0.56,
CPLEX,UNIFORME,SOFT,SI,100,100,14.73,6,858,0.0191,1.56,
CPLEX,UNIFORME,SOFT,SI,100,100,15.04,6,891,0.017,2.07,
CPLEX,UNIFORME,SOFT,SI,100,100,14.49,5,933,0.02,1.46,
CPLEX,UNIFORME,SOFT,SI,100,100,14.74,4,1042,0.0412,1.42,
CPLEX,UNIFORME,SOFT,SI,100,100,14.72,5,950,0.0281,1.48,
CPLEX,UNIFORME,SOFT,SI,100,150,15.62,6,1417,0.0245,4.63,
CPLEX,UNIFORME,SOFT,SI,100,150,14.9,5,1452,0.0332,4.07,
CPLEX,UNIFORME,SOFT,SI,100,150,15.21,5,1493,0.04,3.74,
CPLEX,UNIFORME,SOFT,SI,100,150,15.13,6,1340,0.03,2.58,
CPLEX,UNIFORME,SOFT,SI,100,150,15.07,6,1336,0.023,3.67,
CPLEX,UNIFORME,SOFT,SI,100,200,15.1,5,1981,0.0512,5.65,
CPLEX,UNIFORME,SOFT,SI,100,200,15.6,6,1893,0.0341,4.06,
CPLEX,UNIFORME,SOFT,SI,100,200,15.13,5,1986,0.0512,5.06,
CPLEX,UNIFORME,SOFT,SI,100,200,15.3,5,2024,0.0452,7.9,
CPLEX,UNIFORME,SOFT,SI,100,200,15.05,5,1977,0.0432,5.89,
CPLEX,UNIFORME,SOFT,SI,100,500,9.81,4,2838,0.1536,44.66,
CPLEX,UNIFORME,SOFT,SI,100,500,9.99,4,2914,0.1017,83.76,
CPLEX,UNIFORME,SOFT,SI,100,500,9.56,4,2707,0.0927,45.98,
CPLEX,UNIFORME,SOFT,SI,100,500,8.7,3,2760,0.1177,138.49,
CPLEX,UNIFORME,SOFT,SI,100,500,9.51,3,3145,0.1433,210.87,
CPLEX,CLOUD,SOFT,,500,1000,1.24,9,1044,0.0238,2487.92,
CPLEX,CLOUD,SOFT,,500,1000,1.23,9,1031,0.0222,1362.89,
CPLEX,CLOUD,SOFT,,500,1000,1.19,7,1022,0.039,4598.38,
CPLEX,CLOUD,SOFT,,500,1000,1.27,9,1061,0.0351,264.72,
CPLEX,CLOUD,SOFT,,500,1000,1.26,9,1056,0.0278,950.24,
HEURISTICA,CLOUD,SOFT,,500,1000,1.37,7,1188,0.0578,0.338,
HEURISTICA,CLOUD,SOFT,,500,1000,1.31,8,1098,0.0658,0.327,
HEURISTICA,CLOUD,SOFT,,500,1000,1.34,9,1094,0.0901,0.364,
HEURISTICA,CLOUD,SOFT,,500,1000,1.4,10,1161,0.0469,0.363,
HEURISTICA,CLOUD,SOFT,,500,1000,1.35,8,1157,0.0479,0.34,
CPLEX,CLOUD,SOFT,,500,2000,,,,,,
CPLEX,CLOUD,SOFT,,500,2000,,,,,,
CPLEX,CLOUD,SOFT,,500,2000,,,,,,
CPLEX,CLOUD,SOFT,,500,2000,0.64,5,2461,0.1346,5414.42,TO
HEURISTICA,CLOUD,SOFT,,500,2000,0.72,11,2447,0.0952,0.906,
HEURISTICA,CLOUD,SOFT,,500,2000,0.7,11,2310,0.091,0.927,
HEURISTICA,CLOUD,SOFT,,500,2000,0.94,3,4194,0.284,0.754,
HEURISTICA,CLOUD,SOFT,,500,2000,0.68,8,2530,0.1129,1.16,
HEURISTICA,CLOUD,SOFT,,500,2000,0.62,8,2269,0.0754,1.21,
HEURISTICA,CLOUD,SOFT,,500,3000,0.86,7,3434,0.23,2.15,
HEURISTICA,CLOUD,SOFT,,500,3000,0.89,9,3459,0.1008,2.2,
HEURISTICA,CLOUD,SOFT,,500,3000,0.83,8,3217,0.1632,2.09,
HEURISTICA,CLOUD,SOFT,,500,3000,0.94,11,3493,0.1353,2.2,
HEURISTICA,CLOUD,SOFT,,500,3000,0.96,12,3544,0.0766,2.23,
HEURISTICA,CLOUD,SOFT,,500,4000,1.19,11,4753,0.1313,3.08,
HEURISTICA,CLOUD,SOFT,,500,4000,1.19,10,4798,0.1983,3.92,
HEURISTICA,CLOUD,SOFT,,500,4000,1.58,6,7088,0.2903,2.81,
HEURISTICA,CLOUD,SOFT,,500,4000,1.64,2,7688,0.428,2.7,
HEURISTICA,CLOUD,SOFT,,500,4000,1.25,8,5256,0.2996,3.78,
HEURISTICA,CLOUD,SOFT,,500,5000,1.86,1,8469,0.9326,5,
HEURISTICA,CLOUD,SOFT,,500,5000,1.48,12,6055,0.1677,6.07,
HEURISTICA,CLOUD,SOFT,,500,5000,1.28,7,5552,0.223,5.86,
HEURISTICA,CLOUD,SOFT,,500,5000,1.34,10,5494,0.2325,5.6,
HEURISTICA,CLOUD,SOFT,,500,5000,1.39,14,5380,0.2547,5.9,
HEURISTICA,CLOUD,SOFT,,500,6000,2.16,3,10113,0.5034,6.27,
HEURISTICA,CLOUD,SOFT,,500,6000,1.58,11,6612,0.226,8.65,
HEURISTICA,CLOUD,SOFT,,500,6000,1.7,12,7127,0.2217,8.63,
HEURISTICA,CLOUD,SOFT,,500,6000,1.53,9,6499,0.3472,8.22,
HEURISTICA,CLOUD,SOFT,,500,6000,2.43,3,11418,0.5584,6.37,
HEURISTICA,CLOUD,SOFT,,500,7000,1.83,15,7462,0.2484,12.75,
HEURISTICA,CLOUD,SOFT,,500,7000,1.87,10,8030,0.4061,11.04,
HEURISTICA,CLOUD,SOFT,,500,7000,1.91,9,8391,0.337,11.95,
HEURISTICA,CLOUD,SOFT,,500,7000,2.1,5,9598,0.4846,8.34,
HEURISTICA,CLOUD,SOFT,,500,7000,1.8,13,7390,0.404,10.46,
HEURISTICA,CLOUD,SOFT,,500,8000,2.04,12,8675,0.4413,16.74,
HEURISTICA,CLOUD,SOFT,,500,8000,2.06,11,8919,0.3317,15.4,
HEURISTICA,CLOUD,SOFT,,500,8000,2.11,11,9005,0.5619,16.52,
HEURISTICA,CLOUD,SOFT,,500,8000,3.14,2,14801,0.908,8.46,
HEURISTICA,CLOUD,SOFT,,500,8000,2.09,8,9404,0.3322,13.7,
HEURISTICA,CLOUD,SOFT,,500,9000,2.2,12,9428,0.4608,14.9,
HEURISTICA,CLOUD,SOFT,,500,9000,3.28,4,15617,0.5255,15.24,
HEURISTICA,CLOUD,SOFT,,500,9000,2.41,8,10849,0.5284,18.72,
HEURISTICA,CLOUD,SOFT,,500,9000,2.25,11,9619,0.6893,18.82,
HEURISTICA,CLOUD,SOFT,,500,9000,2.19,12,9417,0.4515,18.91,
HEURISTICA,CLOUD,SOFT,,500,10000,2.67,12,11859,0.3599,27.04,
HEURISTICA,CLOUD,SOFT,,500,10000,2.93,3,13843,0.6386,18.16,
HEURISTICA,CLOUD,SOFT,,500,10000,4.25,2,20261,1,17.46,
HEURISTICA,CLOUD,SOFT,,500,10000,2.39,11,10629,0.307,24.8,
HEURISTICA,CLOUD,SOFT,,500,10000,2.5,13,10769,0.521,24.27,
HEURISTICA,CLOUD,SOFT,,500,11000,2.65,13,11642,0.392,29.64,
HEURISTICA,CLOUD,SOFT,,500,11000,2.72,11,11906,0.7607,24.78,
HEURISTICA,CLOUD,SOFT,,500,11000,2.76,11,12314,0.5065,31.12,
HEURISTICA,CLOUD,SOFT,,500,11000,2.79,12,12408,0.4289,30.35,
HEURISTICA,CLOUD,SOFT,,500,11000,2.72,14,11769,0.5712,31.73,
HEURISTICA,CLOUD,SOFT,,500,12500,1.74,14,14184,0.5559,44.81,
HEURISTICA,CLOUD,SOFT,,500,12500,1.65,13,13462,0.5289,40,
HEURISTICA,CLOUD,SOFT,,500,12500,1.91,5,17459,0.8671,27.68,
HEURISTICA,CLOUD,SOFT,,500,12500,2.05,6,18954,0.4987,32.26,
HEURISTICA,CLOUD,SOFT,,500,12500,1.89,5,17241,0.8074,30.12,
HEURISTICA,CLOUD,SOFT,,500,14000,1.76,13,14514,0.6615,49.42,
HEURISTICA,CLOUD,SOFT,,500,14000,1.94,6,17776,0.6021,38.76,
HEURISTICA,CLOUD,SOFT,,500,14000,1.87,13,15664,0.6194,55.36,
HEURISTICA,CLOUD,SOFT,,500,14000,1.86,14,15326,0.6008,45.46,
HEURISTICA,CLOUD,SOFT,,500,14000,2.56,4,24070,0.9942,42.22,
HEURISTICA,CLOUD,SOFT,,500,15500,1.95,14,15923,0.9726,61.36,
HEURISTICA,CLOUD,SOFT,,500,15500,2.04,16,16751,0.5321,67.22,
HEURISTICA,CLOUD,SOFT,,500,15500,2.08,15,17309,0.6141,67.38,
HEURISTICA,CLOUD,SOFT,,500,15500,2.5,3,23757,0.897,49.08,
HEURISTICA,CLOUD,SOFT,,500,15500,2.04,17,16554,0.631,68.97,
HEURISTICA,CLOUD,SOFT,,500,17000,2.06,12,17533,0.8421,78.38,
HEURISTICA,CLOUD,SOFT,,500,17000,2.25,14,19076,0.7876,80.44,
HEURISTICA,CLOUD,SOFT,,500,17000,2.36,5,22124,0.6315,61.64,
HEURISTICA,CLOUD,SOFT,,500,17000,2.21,10,19333,1,77.91,
HEURISTICA,CLOUD,SOFT,,500,17000,2.21,11,19415,0.6549,85.82,
HEURISTICA,CLOUD,SOFT,,500,18500,2.32,14,19630,1,96.94,
HEURISTICA,CLOUD,SOFT,,500,18500,2.29,15,19204,0.9087,99.6,
HEURISTICA,CLOUD,SOFT,,500,18500,2.37,14,20102,1,101.23,
HEURISTICA,CLOUD,SOFT,,500,18500,2.36,13,20375,0.7622,102.68,
HEURISTICA,CLOUD,SOFT,,500,18500,2.32,10,20401,0.987,93.49,
HEURISTICA,CLOUD,SOFT,,500,20000,2.46,15,20891,0.8934,91.32,
HEURISTICA,CLOUD,SOFT,,500,20000,3.36,3,32270,1,88.14,
HEURISTICA,CLOUD,SOFT,,500,20000,2.8,5,26186,1,66.42,
HEURISTICA,CLOUD,SOFT,,500,20000,2.73,5,25572,0.939,83.24,
HEURISTICA,CLOUD,SOFT,,500,20000,2.6,18,21626,0.9778,119.25,
CPLEX,UNIFORME,SOFT,,500,1000,1.62,23,1152,0.0091,198.88,
CPLEX,UNIFORME,SOFT,,500,1000,1.63,18,1261,0.0103,183.13,
CPLEX,UNIFORME,SOFT,,500,1000,1.6,13,1478,0.011,184.39,
CPLEX,UNIFORME,SOFT,,500,1000,1.59,19,1203,0.0104,183.07,
CPLEX,UNIFORME,SOFT,,500,1000,1.62,21,1195,0.0105,184.7,
HEURISTICA,UNIFORME,SOFT,,500,1000,1.72,20,1309,0.0194,0.345,
HEURISTICA,UNIFORME,SOFT,,500,1000,1.79,15,1454,0.041,0.354,
HEURISTICA,UNIFORME,SOFT,,500,1000,1.79,16,1439,0.0358,0.335,
HEURISTICA,UNIFORME,SOFT,,500,1000,1.78,13,1478,0.0565,0.329,
HEURISTICA,UNIFORME,SOFT,,500,1000,1.72,20,1301,0.0184,0.292,
CPLEX,UNIFORME,SOFT,,500,2000,0.82,11,2931,0.039,960.46,
CPLEX,UNIFORME,SOFT,,500,2000,0.83,13,2795,0.0373,1003.71,
CPLEX,UNIFORME,SOFT,,500,2000,0.82,10,3025,0.0472,1229.44,
CPLEX,UNIFORME,SOFT,,500,2000,0.84,14,2734,0.0223,1473.47,
CPLEX,UNIFORME,SOFT,,500,2000,0.84,13,2837,0.0256,3678.68,
HEURISTICA,UNIFORME,SOFT,,500,2000,0.92,18,2734,0.0585,1.13,
HEURISTICA,UNIFORME,SOFT,,500,2000,0.88,15,2863,0.0732,1.14,
HEURISTICA,UNIFORME,SOFT,,500,2000,0.94,19,2749,0.0727,1.11,
HEURISTICA,UNIFORME,SOFT,,500,2000,0.95,20,2693,0.0509,1.09,
HEURISTICA,UNIFORME,SOFT,,500,2000,0.93,19,2722,0.0454,1.12,
HEURISTICA,UNIFORME,SOFT,,500,3000,1.82,5,8250,0.4777,1.72,
HEURISTICA,UNIFORME,SOFT,,500,3000,1.43,6,6385,0.2272,1.77,
HEURISTICA,UNIFORME,SOFT,,500,3000,1.61,7,7140,0.2477,1.7,
HEURISTICA,UNIFORME,SOFT,,500,3000,1.17,13,4466,0.1152,2.34,
HEURISTICA,UNIFORME,SOFT,,500,3000,1.56,5,7060,0.3435,1.73,
HEURISTICA,UNIFORME,SOFT,,500,4000,1.48,16,5719,0.1204,3.97,
HEURISTICA,UNIFORME,SOFT,,500,4000,2.1,6,9575,0.3906,3.08,
HEURISTICA,UNIFORME,SOFT,,500,4000,1.48,19,5428,0.096,4.5,
HEURISTICA,UNIFORME,SOFT,,500,4000,1.43,13,5748,0.1381,4.08,
HEURISTICA,UNIFORME,SOFT,,500,4000,1.45,19,5259,0.1023,4.28,
HEURISTICA,UNIFORME,SOFT,,500,5000,1.77,17,7045,0.1114,6.16,
HEURISTICA,UNIFORME,SOFT,,500,5000,1.8,18,7046,0.19,6.64,
HEURISTICA,UNIFORME,SOFT,,500,5000,1.67,19,6381,0.1102,6.64,
HEURISTICA,UNIFORME,SOFT,,500,5000,2.55,6,11734,0.53,4.32,
HEURISTICA,UNIFORME,SOFT,,500,5000,2.36,8,10578,0.536,4.85,
HEURISTICA,UNIFORME,SOFT,,500,6000,2.04,22,7915,0.1359,8.3,
HEURISTICA,UNIFORME,SOFT,,500,6000,2.95,6,13818,0.4354,7.25,
HEURISTICA,UNIFORME,SOFT,,500,6000,2.08,17,8605,0.1527,8.35,
HEURISTICA,UNIFORME,SOFT,,500,6000,2.56,8,11707,0.3951,7.24,
HEURISTICA,UNIFORME,SOFT,,500,6000,2.08,17,8550,0.1814,10.1,
HEURISTICA,UNIFORME,SOFT,,500,7000,2.3,17,9659,0.2101,13.83,
HEURISTICA,UNIFORME,SOFT,,500,7000,2.28,18,9483,0.1726,14.23,
HEURISTICA,UNIFORME,SOFT,,500,7000,2.36,21,9553,0.166,11.98,
HEURISTICA,UNIFORME,SOFT,,500,7000,3.42,7,16022,0.4584,8.72,
HEURISTICA,UNIFORME,SOFT,,500,7000,3.53,7,16595,0.4352,10.75,
HEURISTICA,UNIFORME,SOFT,,500,8000,2.66,16,11466,0.2721,18.35,
HEURISTICA,UNIFORME,SOFT,,500,8000,3.7,6,17405,0.6226,14.58,
HEURISTICA,UNIFORME,SOFT,,500,8000,2.6,19,10903,0.2492,18.32,
HEURISTICA,UNIFORME,SOFT,,500,8000,2.54,19,10631,0.1927,15.04,
HEURISTICA,UNIFORME,SOFT,,500,8000,2.64,20,11053,0.2277,18.12,
HEURISTICA,UNIFORME,SOFT,,500,9000,2.9,17,12627,0.2495,24.44,
HEURISTICA,UNIFORME,SOFT,,500,9000,4.11,7,19585,0.3512,14.95,
HEURISTICA,UNIFORME,SOFT,,500,9000,3.74,8,17619,0.3761,18.65,
HEURISTICA,UNIFORME,SOFT,,500,9000,4,7,18954,0.5052,18.41,
HEURISTICA,UNIFORME,SOFT,,500,9000,2.96,19,12720,0.2821,21.74,
HEURISTICA,UNIFORME,SOFT,,500,10000,3.16,16,13935,0.3083,31.52,
HEURISTICA,UNIFORME,SOFT,,500,10000,4.34,8,20594,0.3656,23.24,
HEURISTICA,UNIFORME,SOFT,,500,10000,3.18,16,14100,0.2892,32,
HEURISTICA,UNIFORME,SOFT,,500,10000,4.82,5,23087,0.6456,22.82,
HEURISTICA,UNIFORME,SOFT,,500,10000,3.14,15,13974,0.2786,30.19,
HEURISTICA,UNIFORME,SOFT,,500,11000,3.34,19,14595,0.2581,31.66,
HEURISTICA,UNIFORME,SOFT,,500,11000,3.49,18,15356,0.3864,37.69,
HEURISTICA,UNIFORME,SOFT,,500,11000,4.72,8,22453,0.4792,28.91,
HEURISTICA,UNIFORME,SOFT,,500,11000,3.47,17,15380,0.3253,27.78,
HEURISTICA,UNIFORME,SOFT,,500,11000,4.62,10,21460,0.7895,38.43,
HEURISTICA,UNIFORME,SOFT,,500,12500,2.1,18,17182,0.2689,49.83,
HEURISTICA,UNIFORME,SOFT,,500,12500,2.8,7,26147,0.5641,39.37,
HEURISTICA,UNIFORME,SOFT,,500,12500,3,7,28062,0.6793,39.5,
HEURISTICA,UNIFORME,SOFT,,500,12500,2.13,22,16650,0.3334,50.14,
HEURISTICA,UNIFORME,SOFT,,500,12500,2.77,10,25248,0.6121,41.17,
HEURISTICA,UNIFORME,SOFT,,500,14000,2.31,19,18994,0.3427,57.81,
HEURISTICA,UNIFORME,SOFT,,500,14000,2.28,19,18748,0.3563,57.6,
HEURISTICA,UNIFORME,SOFT,,500,14000,2.96,8,27478,0.7273,53.14,
HEURISTICA,UNIFORME,SOFT,,500,14000,2.95,9,27328,0.497,51.17,
HEURISTICA,UNIFORME,SOFT,,500,14000,2.37,17,19902,0.4745,68.47,
HEURISTICA,UNIFORME,SOFT,,500,15500,2.53,18,21474,0.296,71.63,
HEURISTICA,UNIFORME,SOFT,,500,15500,2.51,19,20941,0.4103,84.55,
HEURISTICA,UNIFORME,SOFT,,500,15500,3.46,8,32428,0.7039,65.87,
HEURISTICA,UNIFORME,SOFT,,500,15500,3.26,10,30235,0.5382,65.39,
HEURISTICA,UNIFORME,SOFT,,500,15500,2.51,18,21238,0.3921,81.4,
HEURISTICA,UNIFORME,SOFT,,500,17000,2.76,20,23381,0.3352,95.76,
HEURISTICA,UNIFORME,SOFT,,500,17000,2.59,17,22130,0.4862,101.53,
HEURISTICA,UNIFORME,SOFT,,500,17000,3.26,11,29751,0.9049,82,
HEURISTICA,UNIFORME,SOFT,,500,17000,2.78,17,23880,0.7132,105.6,
HEURISTICA,UNIFORME,SOFT,,500,17000,2.75,19,23347,0.4611,93.26,
HEURISTICA,UNIFORME,SOFT,,500,18500,2.92,17,25376,0.5839,124.41,
HEURISTICA,UNIFORME,SOFT,,500,18500,2.96,21,24813,0.6998,125.92,
HEURISTICA,UNIFORME,SOFT,,500,18500,2.89,18,25926,0.3927,123.17,
HEURISTICA,UNIFORME,SOFT,,500,18500,3.76,8,35300,0.8814,84.55,
HEURISTICA,UNIFORME,SOFT,,500,18500,3.77,9,35258,0.7804,101.32,
HEURISTICA,UNIFORME,SOFT,,500,20000,3.84,13,35395,9.5799,125.7,
HEURISTICA,UNIFORME,SOFT,,500,20000,3.76,9,35131,0.91,119.26,
HEURISTICA,UNIFORME,SOFT,,500,20000,3.11,17,27301,0.5758,147.7,
HEURISTICA,UNIFORME,SOFT,,500,20000,2.99,23,25038,0.3565,14.98,
HEURISTICA,UNIFORME,SOFT,,500,20000,4.05,11,37714,0.7684,118.13,
HEURISTICA,CLOUD,SOFT,,1000,4000,9.51,6,9046,0.4239,3.37,
HEURISTICA,CLOUD,SOFT,,1000,4000,7.18,13,6779,0.186,3.23,
HEURISTICA,CLOUD,SOFT,,1000,4000,14.2,3,13683,0.5873,1.61,
HEURISTICA,CLOUD,SOFT,,1000,4000,8.73,8,8307,0.3353,3.03,
HEURISTICA,CLOUD,SOFT,,1000,4000,7.26,10,6841,0.2878,3.26,
HEURISTICA,CLOUD,SOFT,,1000,6000,2.27,12,10028,0.165,7.13,
HEURISTICA,CLOUD,SOFT,,1000,6000,2.93,9,13444,0.4081,7.73,
HEURISTICA,CLOUD,SOFT,,1000,6000,2.41,16,10219,0.2729,8.59,
HEURISTICA,CLOUD,SOFT,,1000,6000,2.46,11,11021,0.2266,7.42,
HEURISTICA,CLOUD,SOFT,,1000,6000,2.47,11,11079,0.2065,8.14,
HEURISTICA,CLOUD,SOFT,,1000,8000,1.6,13,13182,0.2222,14.39,
HEURISTICA,CLOUD,SOFT,,1000,8000,1.72,16,13803,0.2795,12.56,
HEURISTICA,CLOUD,SOFT,,1000,8000,1.78,13,14895,0.4249,14.35,
HEURISTICA,CLOUD,SOFT,,1000,8000,1.72,15,14005,0.2945,15.13,
HEURISTICA,CLOUD,SOFT,,1000,8000,1.95,5,17933,0.7727,10.6,
HEURISTICA,CLOUD,SOFT,,1000,10000,1.08,13,15704,0.4019,24.75,
HEURISTICA,CLOUD,SOFT,,1000,10000,1.29,15,19544,0.3298,26.91,
HEURISTICA,CLOUD,SOFT,,1000,10000,1.09,13,16303,0.3255,25.83,
HEURISTICA,CLOUD,SOFT,,1000,10000,1.05,12,15899,0.4206,23.52,
HEURISTICA,CLOUD,SOFT,,1000,10000,1.12,12,17234,0.3903,23.65,
HEURISTICA,CLOUD,SOFT,,1000,15000,1.63,20,24259,0.519,65.17,
HEURISTICA,CLOUD,SOFT,,1000,15000,1.61,16,25291,0.6618,55.88,
HEURISTICA,CLOUD,SOFT,,1000,15000,1.68,17,26559,0.4424,65.94,
HEURISTICA,CLOUD,SOFT,,1000,15000,2,15,33371,0.8753,62.47,
HEURISTICA,CLOUD,SOFT,,1000,15000,1.66,19,25445,0.3472,63.44,
HEURISTICA,CLOUD,SOFT,,1000,20000,1.75,13,29385,0.4468,115.87,
HEURISTICA,CLOUD,SOFT,,1000,20000,1.95,19,30897,0.5422,119.1,
HEURISTICA,CLOUD,SOFT,,1000,20000,2.13,13,36881,0.5788,132.44,
HEURISTICA,CLOUD,SOFT,,1000,20000,2.05,16,34097,0.7432,131.52,
HEURISTICA,CLOUD,SOFT,,1000,20000,1.92,15,31718,0.4883,180.01,
HEURISTICA,CLOUD,SOFT,,1000,25000,2.41,18,40456,0.7406,188.03,
HEURISTICA,CLOUD,SOFT,,1000,25000,2.37,21,38577,0.4883,180.07,
HEURISTICA,CLOUD,SOFT,,1000,25000,2.41,18,40456,0.7406,188.03,
HEURISTICA,CLOUD,SOFT,,1000,25000,2.35,19,38818,0.7999,171.81,
HEURISTICA,CLOUD,SOFT,,1000,25000,2.44,18,41056,0.7351,153.51,
HEURISTICA,CLOUD,SOFT,,1000,30000,2.73,19,46598,0.6322,334.32,
HEURISTICA,CLOUD,SOFT,,1000,30000,2.68,16,46508,0.7816,340.36,
HEURISTICA,CLOUD,SOFT,,1000,30000,2.61,19,44159,0.6679,327.09,
HEURISTICA,CLOUD,SOFT,,1000,30000,2.64,18,45115,0.7551,341.32,
HEURISTICA,CLOUD,SOFT,,1000,30000,2.72,21,45503,0.6972,336.14,
HEURISTICA,CLOUD,SOFT,,1000,35000,3.84,14,70427,1,345.66,
HEURISTICA,CLOUD,SOFT,,1000,35000,3.14,18,54844,0.9162,485.32,
HEURISTICA,CLOUD,SOFT,,1000,35000,3.14,22,53451,0.8474,376.92,
HEURISTICA,CLOUD,SOFT,,1000,35000,3.11,23,52240,0.996,376.92,
HEURISTICA,CLOUD,SOFT,,1000,35000,3.18,19,55525,0.7417,493.78,
HEURISTICA,CLOUD,SOFT,,1000,40000,3.33,22,57291,0.6193,672.48,
HEURISTICA,CLOUD,SOFT,,1000,40000,3.36,23,57334,0.7881,699.78,
HEURISTICA,CLOUD,SOFT,,1000,40000,3.4,17,60635,0.8055,699.44,
HEURISTICA,CLOUD,SOFT,,1000,40000,3.36,24,56955,0.7067,663.66,
HEURISTICA,CLOUD,SOFT,,1000,40000,3.49,21,60657,0.9908,689.72,
CPLEX,UNIFORME,SOFT,,1000,4000,7.54,44,6639,0.032,1908.55,
CPLEX,UNIFORME,SOFT,,1000,4000,7.82,41,6974,0.0348,1842.01,
CPLEX,UNIFORME,SOFT,,1000,4000,7.95,41,7102,0.0335,1895.38,
CPLEX,UNIFORME,SOFT,,1000,4000,8.01,45,7081,0.0349,1931.18,
CPLEX,UNIFORME,SOFT,,1000,4000,7.82,39,7009,0.0375,1512.76,
HEURISTICA,UNIFORME,SOFT,,1000,4000,10.45,18,9914,0.1872,3.76,
HEURISTICA,UNIFORME,SOFT,,1000,4000,10.38,22,9787,0.1947,3.81,
HEURISTICA,UNIFORME,SOFT,,1000,4000,10.48,23,9862,0.2007,3.34,
HEURISTICA,UNIFORME,SOFT,,1000,4000,20.44,5,19883,0.5861,2.7,
HEURISTICA,UNIFORME,SOFT,,1000,4000,10.33,19,9799,0.1989,3.94,
HEURISTICA,UNIFORME,SOFT,,1000,6000,2.39,23,14025,0.1991,9.97,
HEURISTICA,UNIFORME,SOFT,,1000,6000,3.51,18,15521,0.289,8.86,
HEURISTICA,UNIFORME,SOFT,,1000,6000,5.18,8,24669,0.5501,6.91,
HEURISTICA,UNIFORME,SOFT,,1000,6000,3.32,23,14111,0.2457,7.82,
HEURISTICA,UNIFORME,SOFT,,1000,6000,3.46,19,15165,0.3068,7.47,
HEURISTICA,UNIFORME,SOFT,,1000,8000,2.38,21,19218,0.4752,18.85,
HEURISTICA,UNIFORME,SOFT,,1000,8000,2.39,21,19284,0.5077,17.59,
HEURISTICA,UNIFORME,SOFT,,1000,8000,2.44,15,21029,0.5142,18.12,
HEURISTICA,UNIFORME,SOFT,,1000,8000,3.3,11,30396,0.5145,13.04,
HEURISTICA,UNIFORME,SOFT,,1000,8000,2.42,18,20249,0.4507,18.57,
HEURISTICA,UNIFORME,SOFT,,1000,10000,1.63,15,26127,0.7192,30.8,
HEURISTICA,UNIFORME,SOFT,,1000,10000,1.6,16,25209,0.563,28.68,
HEURISTICA,UNIFORME,SOFT,,1000,10000,1.64,22,23599,0.4457,26.14,
HEURISTICA,UNIFORME,SOFT,,1000,10000,2.15,8,39323,0.7577,22.52,
HEURISTICA,UNIFORME,SOFT,,1000,10000,1.66,20,24703,0.6221,29.58,
HEURISTICA,UNIFORME,SOFT,,1000,15000,2.29,21,37016,0.6026,80.49,
HEURISTICA,UNIFORME,SOFT,,1000,15000,2.35,20,38415,0.6591,77.9,
HEURISTICA,UNIFORME,SOFT,,1000,15000,2.21,27,32956,0.4889,99.13,
HEURISTICA,UNIFORME,SOFT,,1000,15000,2.2,27,32864,0.4703,112.7,
HEURISTICA,UNIFORME,SOFT,,1000,15000,2.18,27,32398,0.6743,109.09,
HEURISTICA,UNIFORME,SOFT,,1000,20000,2.85,30,44409,0.85,228.14,
HEURISTICA,UNIFORME,SOFT,,1000,20000,2.62,30,39941,0.5455,221.66,
HEURISTICA,UNIFORME,SOFT,,1000,20000,2.82,33,42631,0.7088,219.83,
HEURISTICA,UNIFORME,SOFT,,1000,20000,2.62,26,41657,0.5296,230.46,
HEURISTICA,UNIFORME,SOFT,,1000,20000,2.75,27,43747,0.6748,227.29,
HEURISTICA,UNIFORME,SOFT,,1000,25000,3.24,32,51494,0.6869,385.51,
HEURISTICA,UNIFORME,SOFT,,1000,25000,3.34,29,54617,0.8406,382.32,
HEURISTICA,UNIFORME,SOFT,,1000,25000,3.29,30,53281,0.8155,380.54,
HEURISTICA,UNIFORME,SOFT,,1000,25000,3.1,32,48760,0.6272,395.77,
HEURISTICA,UNIFORME,SOFT,,1000,25000,3.19,33,49910,0.7941,395.77,
HEURISTICA,UNIFORME,SOFT,,1000,30000,3.68,36,58650,0.6917,395.77,
HEURISTICA,UNIFORME,SOFT,,1000,30000,3.66,34,58941,0.7262,629.94,
HEURISTICA,UNIFORME,SOFT,,1000,30000,3.76,33,61233,0.9118,564.93,
HEURISTICA,UNIFORME,SOFT,,1000,30000,3.7,35,59417,0.8479,599.84,
HEURISTICA,UNIFORME,SOFT,,1000,30000,3.52,73,40687,0.6804,640.87,
HEURISTICA,UNIFORME,SOFT,,1000,35000,4.01,37,64676,0.9291,837.51,
HEURISTICA,UNIFORME,SOFT,,1000,35000,4.07,35,66839,0.8423,872.53,
HEURISTICA,UNIFORME,SOFT,,1000,35000,4.08,34,67405,0.8708,891.48,
HEURISTICA,UNIFORME,SOFT,,1000,35000,4.15,34,68849,0.7722,853.69,
HEURISTICA,UNIFORME,SOFT,,1000,35000,4.05,36,66015,0.777,869.24,
HEURISTICA,UNIFORME,SOFT,,1000,40000,4.85,37,81479,0.9706,1286.9,
HEURISTICA,UNIFORME,SOFT,,1000,40000,4.84,42,79198,0.9532,1101.36,
HEURISTICA,UNIFORME,SOFT,,1000,40000,4.51,42,72738,0.8763,1271.04,
HEURISTICA,UNIFORME,SOFT,,1000,40000,4.5,41,72879,0.9461,1211.72,
HEURISTICA,UNIFORME,SOFT,,1000,40000,4.5,45,71247,0.9119,1103.63,